id;creatoDa;data;comodity;mercato;sede;metodoPagamento;idStatoPda;statoPDA;idStatoLuce;statoLuce;idStatoGas;statoGas;dataImport;idMandato;mandato;winback;dataCreazione;campagna;idCampagna;metodoInvio;pratica;sanataBo;idGestioneLead;leadId;datasottoscrizionecontratto;id;tipoCampagna;pesoComodity;pesoInvio;pesoMPagamento;totalePesoLordo;faseLuce;faseGas;totalePesoNetto;mese;fasePDA;pesoTotalePagato;idRigaLuce;idRigaGas;codiceFornituraLuce;codiceFornituraGas;pesoFormazione;pezzoLordo;pezzoNetto;pezzoPagato;pezzoFormazione;fasePost;statoPost;
2773;luana.cutrulla;2025-09-01;Luce;;Lamezia;;3;Ok Definitivo;7;ANNULLATO;1;;2025-10-13 11:23:26;1;vivigas;No;2025-09-01 07:34:46;SPN_LEAD;21;;93134;no;GCL181097;267603;2025-09-01;2773;Lead;1;0;0;1;KO;BKL;0;2025-09-01;OK;0;VIV000003817;;VIV000003817;;0;1;0;0;0;KO;
2774;matteo.passarelli;2025-09-01;Gas;;Castrovillari;;3;Ok Definitivo;1;;23;AMMISSIBILE;2025-10-13 11:23:26;1;vivigas;No;2025-09-01 08:08:21;SPN_LEAD;21;;93159;no;GCL181133;267641;2025-09-01;2774;Lead;1;0;0;1;BKL;OK;1;2025-09-01;OK;1;;VIV000003818;;VIV000003818;0;1;1;1;0;OK;
2775;graziella.dona;2025-09-01;Gas;;Lamezia;;3;Ok Definitivo;1;;6;ANNULLATO;2025-10-13 11:23:26;1;vivigas;No;2025-09-01 09:41:24;SPN_LEAD;21;;93280;no;GCL180880;267988;2025-09-01;2775;Lead;1;0;0;1;BKL;KO;0;2025-09-01;OK;0;;VIV000003819;;VIV000003819;0;1;0;0;0;KO;
2776;maria.marinaro;2025-09-01;Gas;Residenziale;Lamezia;;3;Ok Definitivo;1;;23;AMMISSIBILE;2025-10-13 11:23:26;1;vivigas;No;2025-09-01 10:23:06;SPN_LEAD;21;;93323;no;GCL181217;267857;2025-09-01;2776;Lead;1;0;0;1;BKL;OK;1;2025-09-01;OK;1;;VIV000003820;;VIV000003820;0;1;1;1;0;OK;
2777;isabella.cello;2025-09-01;Luce;;Lamezia;;3;Ok Definitivo;7;ANNULLATO;1;;2025-10-13 11:23:26;1;vivigas;No;2025-09-01 11:34:04;SPN_LEAD;21;;93440;no;GCL181428;268176;2025-09-01;2777;Lead;1;0;0;1;KO;BKL;0;2025-09-01;OK;0;VIV000003822;;VIV000003822;;0;1;0;0;0;KO;
2778;christian.gatto;2025-09-02;Luce;consumer;Lamezia;SSD;12;Bozza;1;;1;;2025-10-13 11:23:26;1;vivigas;No;2025-09-01 12:28:54;SPN_LEAD;21;Mail;93539;no;GCL181461;268224;0000-00-00;2778;Lead;1;0;0;1;BKL;BKL;0;2025-09-01;KO;0;;;;;0;1;0;0;0;BKL;
2779;iolanda.marzano;2025-09-01;Luce;;Castrovillari;;3;Ok Definitivo;21;AMMISSIBILE;1;;2025-10-13 11:23:26;1;vivigas;No;2025-09-01 14:19:23;SPN_LEAD;21;;93712;no;GCL181573;268372;2025-09-01;2779;Lead;1;0;0;1;OK;BKL;1;2025-09-01;OK;1;VIV000003824;;VIV000003824;;0;1;1;1;0;OK;
2780;iolanda.marzano;2025-09-01;Gas;;Castrovillari;;3;Ok Definitivo;1;;23;AMMISSIBILE;2025-10-13 11:23:26;1;vivigas;No;2025-09-01 14:19:23;SPN_LEAD;21;;93713;no;GCL181573;268372;2025-09-01;2780;Lead;1;0;0;1;BKL;OK;1;2025-09-01;OK;1;;VIV000003825;;VIV000003825;0;1;1;1;0;OK;
2781;giulia.costabile;2025-09-01;Gas;;Castrovillari;;4;Ko Definitivo;1;;1;;2025-10-13 11:23:26;1;vivigas;No;2025-09-01 16:41:25;KOPREMOR;66;;93889;no;Vuoto;266765;0000-00-00;2781;Valore;1;0;0;1;BKL;BKL;0;2025-09-01;KO;0;;VIV000003826;;VIV000003826;0;1;0;0;0;BKL;
2782;sara.alessia;2025-09-01;Luce;;Castrovillari;RID;3;Ok Definitivo;21;AMMISSIBILE;1;;2025-10-13 11:23:26;1;vivigas;No;2025-09-01 17:25:05;SPN_LEAD;21;Posta (Residenza);93954;no;GCL181747;268595;2025-09-01;2782;Lead;1;0;0;1;OK;BKL;1;2025-09-01;OK;1;VIV000003828;;VIV000003828;;0;1;1;1;0;OK;
2783;rita.dimodugno;2025-09-02;Luce;;Castrovillari;;3;Ok Definitivo;7;ANNULLATO;1;;2025-10-13 11:23:26;1;vivigas;No;2025-09-02 08:10:21;SPN_LEAD;21;;94040;no;GCL167362;268912;2025-09-02;2783;Lead;1;0;0;1;KO;BKL;0;2025-09-01;OK;0;VIV000003829;;VIV000003829;;0;1;0;0;0;KO;
2784;martina.lucchino;2025-09-02;Luce;;Lamezia;RID;3;Ok Definitivo;7;ANNULLATO;1;;2025-10-13 11:23:26;1;vivigas;No;2025-09-02 08:15:04;SPN_LEAD;21;;94042;no;GCL181842;268775;2025-09-02;2784;Lead;1;0;0;1;KO;BKL;0;2025-09-01;OK;0;VIV000003830;;VIV000003830;;0;1;0;0;0;KO;
2785;mariagiovanna.costa;2025-09-02;Luce;;Lamezia;;4;Ko Definitivo;1;;1;;2025-10-13 11:23:26;1;vivigas;No;2025-09-02 09:29:33;SPN_LEAD;21;;94148;no;GCL181965;269017;0000-00-00;2785;Lead;1;0;0;1;BKL;BKL;0;2025-09-01;KO;0;;;;;0;1;0;0;0;BKL;
2786;silvana.macri;2025-09-02;Luce;;Lamezia;RID;4;Ko Definitivo;1;;1;;2025-10-13 11:23:26;1;vivigas;No;2025-09-02 12:19:54;SPN_LEAD;21;;94351;no;GCL184397;268539;0000-00-00;2786;Lead;1;0;0;1;BKL;BKL;0;2025-09-01;KO;0;;;;;0;1;0;0;0;BKL;
2787;rita.dimodugno;2025-09-02;Luce;;Castrovillari;;3;Ok Definitivo;7;ANNULLATO;1;;2025-10-13 11:23:26;1;vivigas;No;2025-09-02 12:26:15;SPN_LEAD;21;;94358;no;GCL182151;269225;2025-09-02;2787;Lead;1;0;0;1;KO;BKL;0;2025-09-01;OK;0;VIV000003833;;VIV000003833;;0;1;0;0;0;KO;
2788;rita.dimodugno;2025-09-02;Gas;;Castrovillari;;3;Ok Definitivo;1;;6;ANNULLATO;2025-10-13 11:23:26;1;vivigas;No;2025-09-02 12:26:15;SPN_LEAD;21;;94359;no;GCL182151;269225;2025-09-02;2788;Lead;1;0;0;1;BKL;KO;0;2025-09-01;OK;0;;VIV000003834;;VIV000003834;0;1;0;0;0;KO;
2789;simona.raso;2025-09-02;Luce;;Lamezia;;3;Ok Definitivo;7;ANNULLATO;1;;2025-10-13 11:23:26;1;vivigas;No;2025-09-02 13:19:20;SPN_LEAD;21;;94442;no;GCL182180;269260;2025-09-02;2789;Lead;1;0;0;1;KO;BKL;0;2025-09-01;OK;0;VIV000003835;;VIV000003835;;0;1;0;0;0;KO;
2790;simona.raso;2025-09-02;Gas;;Lamezia;;3;Ok Definitivo;1;;6;ANNULLATO;2025-10-13 11:23:26;1;vivigas;No;2025-09-02 13:19:20;SPN_LEAD;21;;94443;no;GCL182180;269260;2025-09-02;2790;Lead;1;0;0;1;BKL;KO;0;2025-09-01;OK;0;;VIV000003836;;VIV000003836;0;1;0;0;0;KO;
2791;vanessa.macheda;2025-09-02;Luce;;Vibo;RID;3;Ok Definitivo;27;REVOCA NON ESERCITATA;1;;2025-10-13 11:23:26;1;vivigas;No;2025-09-02 13:44:44;SPN_LEAD;21;;94494;no;GCL182227;269318;2025-09-02;2791;Lead;1;0;0;1;OK;BKL;1;2025-09-01;OK;1;VIV000003837;;VIV000003837;;0;1;1;1;0;OK;
2792;vanessa.macheda;2025-09-02;Gas;;Vibo;RID;3;Ok Definitivo;1;;23;AMMISSIBILE;2025-10-13 11:23:26;1;vivigas;No;2025-09-02 13:53:39;SPN_LEAD;21;;94520;no;GCL182227;269318;2025-09-02;2792;Lead;1;0;0;1;BKL;OK;1;2025-09-01;OK;1;;VIV000003839;;VIV000003839;0;1;1;1;0;OK;
2793;fiorella.cosentino;2025-09-02;Luce;;Lamezia;;3;Ok Definitivo;7;ANNULLATO;1;;2025-10-13 11:23:26;1;vivigas;No;2025-09-02 14:56:38;SPN_LEAD;21;;94647;no;GCL182114;269407;2025-09-02;2793;Lead;1;0;0;1;KO;BKL;0;2025-09-01;OK;0;VIV000003840;;VIV000003840;;0;1;0;0;0;KO;
2794;fiorella.cosentino;2025-09-02;Gas;;Lamezia;;3;Ok Definitivo;1;;6;ANNULLATO;2025-10-13 11:23:26;1;vivigas;No;2025-09-02 14:56:38;SPN_LEAD;21;;94648;no;GCL182114;269407;2025-09-02;2794;Lead;1;0;0;1;BKL;KO;0;2025-09-01;OK;0;;VIV000003841;;VIV000003841;0;1;0;0;0;KO;
2795;giuseppina.ferraiolo;2025-09-02;Gas;;SanPietro;;3;Ok Definitivo;1;;6;ANNULLATO;2025-10-13 11:23:26;1;vivigas;No;2025-09-02 15:26:05;PLEN_SW2;52;;94681;no;Vuoto;8324;2025-09-02;2795;Valore;1;0;0;1;BKL;KO;0;2025-09-01;OK;0;;VIV000003842;;VIV000003842;0;1;0;0;0;KO;
2796;serafina.lobianco;2025-09-02;Luce;Residenziale;Vibo;RID;3;Ok Definitivo;24;CHIUSO;1;;2025-10-13 11:23:26;1;vivigas;No;2025-09-02 16:52:01;SPN_LEAD;21;;94873;no;GCL182390;269524;2025-09-03;2796;Lead;1;0;0;1;OK;BKL;1;2025-09-01;OK;1;VIV000003843;;VIV000003843;;0;1;1;1;0;OK;
2797;iolanda.marzano;2025-09-02;Luce;;Castrovillari;;7;Ko Recall;1;;1;;2025-10-13 11:23:26;1;vivigas;No;2025-09-02 17:12:03;SPN_LEAD;21;;94905;no;GCL182404;269542;0000-00-00;2797;Lead;1;0;0;1;BKL;BKL;0;2025-09-01;KO;0;;;;;0;1;0;0;0;BKL;
2798;giulia.costabile;2025-09-02;Luce;;Castrovillari;;3;Ok Definitivo;7;ANNULLATO;1;;2025-10-13 11:23:26;1;vivigas;No;2025-09-02 17:21:39;PLENI_WB;75;;94912;no;Vuoto;12747374;2025-09-04;2798;Valore;1;0;0;1;KO;BKL;0;2025-09-01;OK;0;VIV000003845;;VIV000003845;;0;1;0;0;0;KO;
2799;bruno.cosentino;2025-09-02;Luce;consumer;Lamezia;Bollettino;12;Bozza;1;;1;;2025-10-13 11:23:26;1;vivigas;No;2025-09-02 17:56:24;VUOTO;72;Mail;94962;no;NON_PRESENTE;0000;0000-00-00;2799;Valore;1;0;0;1;BKL;BKL;0;2025-09-01;KO;0;;;;;0;1;0;0;0;BKL;
2800;bruno.cosentino;2025-09-02;Gas;consumer;Lamezia;Bollettino;12;Bozza;1;;1;;2025-10-13 11:23:26;1;vivigas;No;2025-09-02 17:56:24;VUOTO;72;Mail;94963;no;NON_PRESENTE;0000;0000-00-00;2800;Valore;1;0;0;1;BKL;BKL;0;2025-09-01;KO;0;;;;;0;1;0;0;0;BKL;
2801;martina.lucchino;2025-09-03;Luce;consumer;Lamezia;SSD;12;Bozza;1;;1;;2025-10-13 11:23:26;1;vivigas;No;2025-09-03 07:29:31;SPN_LEAD;21;Mail;95024;no;GCL182431;269595;0000-00-00;2801;Lead;1;0;0;1;BKL;BKL;0;2025-09-01;KO;0;;;;;0;1;0;0;0;BKL;
2802;martina.lucchino;2025-09-03;Gas;consumer;Lamezia;SSD;12;Bozza;1;;1;;2025-10-13 11:23:26;1;vivigas;No;2025-09-03 07:29:31;SPN_LEAD;21;Mail;95025;no;GCL182431;269595;0000-00-00;2802;Lead;1;0;0;1;BKL;BKL;0;2025-09-01;KO;0;;;;;0;1;0;0;0;BKL;
2803;saverio.gigliotti;2025-09-03;Gas;;Lamezia;;3;Ok Definitivo;1;;6;ANNULLATO;2025-10-13 11:23:26;1;vivigas;No;2025-09-03 07:48:22;SPN_LEAD;21;;95045;no;GCL182451;269615;2025-09-03;2803;Lead;1;0;0;1;BKL;KO;0;2025-09-01;OK;0;;VIV000003850;;VIV000003850;0;1;0;0;0;KO;
2804;mariagiovanna.costa;2025-09-03;Luce;;Lamezia;;7;Ko Recall;1;;1;;2025-10-13 11:23:26;1;vivigas;No;2025-09-03 08:01:37;SPN_LEAD;21;;95055;no;GCL181965;269017;0000-00-00;2804;Lead;1;0;0;1;BKL;BKL;0;2025-09-01;KO;0;;;;;0;1;0;0;0;BKL;
2805;saverio.gigliotti;2025-09-03;Luce;;Lamezia;;3;Ok Definitivo;7;ANNULLATO;1;;2025-10-13 11:23:26;1;vivigas;No;2025-09-03 08:05:51;SPN_LEAD;21;;95064;no;GCL182451;269615;2025-09-03;2805;Lead;1;0;0;1;KO;BKL;0;2025-09-01;OK;0;VIV000003852;;VIV000003852;;0;1;0;0;0;KO;
2806;angela.rizzo;2025-09-03;Luce;;Lamezia;;7;Ko Recall;1;;1;;2025-10-13 11:23:26;1;vivigas;No;2025-09-03 08:43:32;SPN_LEAD;21;;95117;no;GCL182475;269852;0000-00-00;2806;Lead;1;0;0;1;BKL;BKL;0;2025-09-01;KO;0;;;;;0;1;0;0;0;BKL;
2807;simona.raso;2025-09-03;Gas;;Lamezia;;3;Ok Definitivo;1;;6;ANNULLATO;2025-10-13 11:23:26;1;vivigas;No;2025-09-03 11:21:44;SPN_LEAD;21;;95327;no;GCL182651;270715;2025-09-03;2807;Lead;1;0;0;1;BKL;KO;0;2025-09-01;OK;0;;VIV000003854;;VIV000003854;0;1;0;0;0;KO;
2808;bruno.cosentino;2025-09-03;Luce;consumer;Lamezia;Bollettino;12;Bozza;1;;1;;2025-10-13 11:23:26;1;vivigas;No;2025-09-03 11:52:15;VUOTO;72;Mail;95369;no;NON_PRESENTE;0000;0000-00-00;2808;Valore;1;0;0;1;BKL;BKL;0;2025-09-01;KO;0;;;;;0;1;0;0;0;BKL;
2809;andreina.moschella;2025-09-03;Luce;Residenziale;Vibo;RID;9;Ko Controllo Dati;1;;1;;2025-10-13 11:23:26;1;vivigas;No;2025-09-03 13:14:09;SPN_LEAD;21;;95504;no;GCL182705;270783;0000-00-00;2809;Lead;1;0;0;1;BKL;BKL;0;2025-09-01;KO;0;;;;;0;1;0;0;0;BKL;
2810;bruno.cosentino;2025-09-03;Luce;consumer;Lamezia;;12;Bozza;1;;1;;2025-10-13 11:23:26;1;vivigas;No;2025-09-03 15:04:47;VUOTO;72;Mail;95684;no;NON_PRESENTE;0000;0000-00-00;2810;Valore;1;0;0;1;BKL;BKL;0;2025-09-01;KO;0;;;;;0;1;0;0;0;BKL;
2811;isabella.cello;2025-09-03;Luce;;Lamezia;;4;Ko Definitivo;1;;1;;2025-10-13 11:23:26;1;vivigas;No;2025-09-03 15:07:39;SPN_LEAD;21;;95691;no;GCL182842;270956;0000-00-00;2811;Lead;1;0;0;1;BKL;BKL;0;2025-09-01;KO;0;;;;;0;1;0;0;0;BKL;
2812;milena.passarelli;2025-09-03;Luce;;Castrovillari;;3;Ok Definitivo;7;ANNULLATO;1;;2025-10-13 11:23:26;1;vivigas;No;2025-09-03 15:45:05;SPN_LEAD;21;;95741;no;GCL182874;270994;2025-09-03;2812;Lead;1;0;0;1;KO;BKL;0;2025-09-01;OK;0;VIV000003861;;VIV000003861;;0;1;0;0;0;KO;
2813;rossella.cefala;2025-09-04;Luce;;Lamezia;;39;IRREPERIBILE;1;;1;;2025-10-13 11:23:26;1;vivigas;No;2025-09-04 10:44:40;SPN_LEAD;21;;96196;no;GCL183178;271627;0000-00-00;2813;Lead;1;0;0;1;BKL;BKL;0;2025-09-01;KO;0;;;;;0;1;0;0;0;BKL;
2814;rossella.cefala;2025-09-04;Gas;;Lamezia;;39;IRREPERIBILE;1;;1;;2025-10-13 11:23:26;1;vivigas;No;2025-09-04 10:44:40;SPN_LEAD;21;;96197;no;GCL183178;271627;0000-00-00;2814;Lead;1;0;0;1;BKL;BKL;0;2025-09-01;KO;0;;;;;0;1;0;0;0;BKL;
2815;martina.lucchino;2025-09-04;Luce;;Lamezia;RID;3;Ok Definitivo;7;ANNULLATO;1;;2025-10-13 11:23:26;1;vivigas;No;2025-09-04 12:05:56;SPN_LEAD;21;;96324;no;GCL183144;271767;2025-09-04;2815;Lead;1;0;0;1;KO;BKL;0;2025-09-01;OK;0;VIV000003864;;VIV000003864;;0;1;0;0;0;KO;
2816;martina.lucchino;2025-09-04;Gas;;Lamezia;RID;3;Ok Definitivo;1;;6;ANNULLATO;2025-10-13 11:23:26;1;vivigas;No;2025-09-04 12:05:56;SPN_LEAD;21;;96325;no;GCL183144;271767;2025-09-04;2816;Lead;1;0;0;1;BKL;KO;0;2025-09-01;OK;0;;VIV000003865;;VIV000003865;0;1;0;0;0;KO;
2817;marika.difranco;2025-09-04;Luce;;Castrovillari;;4;Ko Definitivo;1;;1;;2025-10-13 11:23:26;1;vivigas;No;2025-09-04 12:16:16;SPN_LEAD;21;;96347;no;GCL183278;271756;0000-00-00;2817;Lead;1;0;0;1;BKL;BKL;0;2025-09-01;KO;0;;;;;0;1;0;0;0;BKL;
2818;gino.lento;2025-09-04;Luce;;Rende;;3;Ok Definitivo;21;AMMISSIBILE;1;;2025-10-13 11:23:26;1;vivigas;No;2025-09-04 12:32:00;SPN_LEAD;21;;96378;no;GCL183288;271777;2025-09-05;2818;Lead;1;0;0;1;OK;BKL;1;2025-09-01;OK;1;VIV000003867;;VIV000003867;;0;1;1;1;0;OK;
2819;gino.lento;2025-09-04;Gas;;Rende;;3;Ok Definitivo;1;;23;AMMISSIBILE;2025-10-13 11:23:26;1;vivigas;No;2025-09-04 12:32:00;SPN_LEAD;21;;96379;no;GCL183288;271777;2025-09-05;2819;Lead;1;0;0;1;BKL;OK;1;2025-09-01;OK;1;;VIV000003868;;VIV000003868;0;1;1;1;0;OK;
2820;rosalbina.tucci;2025-09-04;Gas;;Lamezia;;3;Ok Definitivo;1;;6;ANNULLATO;2025-10-13 11:23:26;1;vivigas;No;2025-09-04 13:17:06;SPN_LEAD;21;;96592;no;GCL183331;271839;2025-09-05;2820;Lead;1;0;0;1;BKL;KO;0;2025-09-01;OK;0;;VIV000003869;;VIV000003869;0;1;0;0;0;KO;
2821;isabella.cello;2025-09-04;Luce;;Lamezia;;3;Ok Definitivo;21;AMMISSIBILE;1;;2025-10-13 11:23:26;1;vivigas;No;2025-09-04 16:22:52;SPN_LEAD;21;;96889;no;GCL183458;272015;2025-09-04;2821;Lead;1;0;0;1;OK;BKL;1;2025-09-01;OK;1;VIV000003871;;VIV000003871;;0;1;1;1;0;OK;
2822;isabella.cello;2025-09-04;Gas;;Lamezia;;3;Ok Definitivo;1;;23;AMMISSIBILE;2025-10-13 11:23:26;1;vivigas;No;2025-09-04 16:22:52;SPN_LEAD;21;;96890;no;GCL183458;272015;2025-09-04;2822;Lead;1;0;0;1;BKL;OK;1;2025-09-01;OK;1;;VIV000003872;;VIV000003872;0;1;1;1;0;OK;
2823;roberta.montalto;2025-09-05;Luce;;Lamezia;RID;3;Ok Definitivo;27;REVOCA NON ESERCITATA;1;;2025-10-13 11:23:26;1;vivigas;No;2025-09-05 07:36:49;SPN_LEAD;21;;97041;no;GCL183505;272085;2025-09-05;2823;Lead;1;0;0;1;OK;BKL;1;2025-09-01;OK;1;VIV000003873;;VIV000003873;;0;1;1;1;0;OK;
2824;roberta.montalto;2025-09-05;Gas;;Lamezia;RID;3;Ok Definitivo;1;;23;AMMISSIBILE;2025-10-13 11:23:26;1;vivigas;No;2025-09-05 07:37:17;SPN_LEAD;21;;97042;no;GCL183505;272085;2025-09-05;2824;Lead;1;0;0;1;BKL;OK;1;2025-09-01;OK;1;;VIV000003874;;VIV000003874;0;1;1;1;0;OK;
2825;francesca.filomia;2025-09-05;Luce;;Castrovillari;;3;Ok Definitivo;21;AMMISSIBILE;1;;2025-10-13 11:23:26;1;vivigas;No;2025-09-05 08:37:47;SPN_LEAD;21;;97106;no;GCL183556;272324;2025-09-05;2825;Lead;1;0;0;1;OK;BKL;1;2025-09-01;OK;1;VIV000003875;;VIV000003875;;0;1;1;1;0;OK;
2826;francesca.filomia;2025-09-05;Gas;;Castrovillari;;3;Ok Definitivo;1;;23;AMMISSIBILE;2025-10-13 11:23:26;1;vivigas;No;2025-09-05 08:37:48;SPN_LEAD;21;;97107;no;GCL183556;272324;2025-09-05;2826;Lead;1;0;0;1;BKL;OK;1;2025-09-01;OK;1;;VIV000003876;;VIV000003876;0;1;1;1;0;OK;
2827;francesco.datri;2025-09-05;Luce;;Castrovillari;;3;Ok Definitivo;21;AMMISSIBILE;1;;2025-10-13 11:23:26;1;vivigas;SI;2025-09-05 09:06:55;VIVI_RET;29;;97144;no;Vuoto;270127;2025-09-05;2827;Winback;1;0;0;1;OK;BKL;1;2025-09-01;OK;1;VIV000003877;;VIV000003877;;0;1;1;1;0;OK;
2828;marika.difranco;2025-09-05;Luce;Residenziale;Castrovillari;RID;3;Ok Definitivo;7;ANNULLATO;1;;2025-10-13 11:23:26;1;vivigas;No;2025-09-05 10:28:16;SPN_LEAD;21;;97252;no;GCL183587;272367;2025-09-05;2828;Lead;1;0;0;1;KO;BKL;0;2025-09-01;OK;0;VIV000003878;;VIV000003878;;0;1;0;0;0;KO;
2829;fabiola.serratore;2025-09-05;Gas;;SanPietro;;3;Ok Definitivo;1;;6;ANNULLATO;2025-10-13 11:23:26;1;vivigas;No;2025-09-05 14:38:51;SWO2;59;;97606;no;Vuoto;12519082;2025-09-05;2829;Prospect;1;0;0;1;BKL;KO;0;2025-09-01;OK;0;;VIV000003879;;VIV000003879;0;1;0;0;0;KO;
2830;isabella.cello;2025-09-05;Gas;;Lamezia;;3;Ok Definitivo;1;;6;ANNULLATO;2025-10-13 11:23:26;1;vivigas;No;2025-09-05 15:15:12;SPN_LEAD;21;;97684;no;GCL183804;272658;2025-09-05;2830;Lead;1;0;0;1;BKL;KO;0;2025-09-01;OK;0;;VIV000003880;;VIV000003880;0;1;0;0;0;KO;
2831;elvira.capasso;2025-09-05;Luce;;Lamezia;;3;Ok Definitivo;21;AMMISSIBILE;1;;2025-10-13 11:23:26;1;vivigas;No;2025-09-05 16:09:47;SPN_LEAD;21;;97730;no;GCL182859;270976;2025-09-16;2831;Lead;1;0;0;1;OK;BKL;1;2025-09-01;OK;1;VIV000003881;;VIV000003881;;0;1;1;1;0;OK;
2832;francesco.datri;2025-09-06;Luce;;Castrovillari;RID;4;Ko Definitivo;1;;1;;2025-10-13 11:23:26;1;vivigas;No;2025-09-06 08:11:35;SWO2;59;;98017;no;Vuoto;12549135;0000-00-00;2832;Prospect;1;0;0;1;BKL;BKL;0;2025-09-01;KO;0;;;;;0;1;0;0;0;BKL;
2833;francesco.datri;2025-09-06;Gas;;Castrovillari;RID;4;Ko Definitivo;1;;1;;2025-10-13 11:23:26;1;vivigas;No;2025-09-06 08:11:35;SWO2;59;;98018;no;Vuoto;12549135;0000-00-00;2833;Prospect;1;0;0;1;BKL;BKL;0;2025-09-01;KO;0;;;;;0;1;0;0;0;BKL;
2834;iolanda.marzano;2025-09-06;Luce;;Castrovillari;;7;Ko Recall;1;;1;;2025-10-13 11:23:26;1;vivigas;No;2025-09-06 08:39:37;SPN_LEAD;21;;98090;no;GCL183892;272840;0000-00-00;2834;Lead;1;0;0;1;BKL;BKL;0;2025-09-01;KO;0;;;;;0;1;0;0;0;BKL;
2835;gino.lento;2025-09-06;Luce;;Rende;;3;Ok Definitivo;40;ko gi√† attivo;1;;2025-10-13 11:23:26;1;vivigas;No;2025-09-06 09:27:05;SPN_LEAD;21;;98211;no;GCL183936;272943;2025-09-08;2835;Lead;1;0;0;1;KO;BKL;0;2025-09-01;OK;0;VIV000003885;;VIV000003885;;0;1;0;0;0;KO;
2836;gino.lento;2025-09-06;Gas;;Rende;;3;Ok Definitivo;1;;6;ANNULLATO;2025-10-13 11:23:26;1;vivigas;No;2025-09-06 09:27:05;SPN_LEAD;21;;98212;no;GCL183936;272943;2025-09-08;2836;Lead;1;0;0;1;BKL;KO;0;2025-09-01;OK;0;;VIV000003886;;VIV000003886;0;1;0;0;0;KO;
2837;milena.passarelli;2025-09-06;Gas;;Castrovillari;;3;Ok Definitivo;1;;6;ANNULLATO;2025-10-13 11:23:26;1;vivigas;No;2025-09-06 09:35:15;SPN_LEAD;21;;98222;no;GCL183933;272937;2025-09-08;2837;Lead;1;0;0;1;BKL;KO;0;2025-09-01;OK;0;;VIV000003887;;VIV000003887;0;1;0;0;0;KO;
2838;milena.passarelli;2025-09-06;Luce;;Castrovillari;;3;Ok Definitivo;7;ANNULLATO;1;;2025-10-13 11:23:26;1;vivigas;No;2025-09-06 09:51:30;SPN_LEAD;21;;98249;no;GCL183933;272937;2025-09-08;2838;Lead;1;0;0;1;KO;BKL;0;2025-09-01;OK;0;VIV000003888;;VIV000003888;;0;1;0;0;0;KO;
2839;saverio.gigliotti;2025-09-08;Gas;;Lamezia;;3;Ok Definitivo;1;;6;ANNULLATO;2025-10-13 11:23:26;1;vivigas;No;2025-09-08 08:06:41;SPN_LEAD;21;;98673;no;GCL184021;273092;2025-09-08;2839;Lead;1;0;0;1;BKL;KO;0;2025-09-01;OK;0;;VIV000003890;;VIV000003890;0;1;0;0;0;KO;
2840;angela.rizzo;2025-09-08;Luce;;Lamezia;;7;Ko Recall;1;;1;;2025-10-13 11:23:26;1;vivigas;No;2025-09-08 08:36:44;SPN_LEAD;21;;98744;no;GCL184024;273096;0000-00-00;2840;Lead;1;0;0;1;BKL;BKL;0;2025-09-01;KO;0;;;;;0;1;0;0;0;BKL;
2841;vanessa.macheda;2025-09-08;Luce;;Vibo;RID;3;Ok Definitivo;27;REVOCA NON ESERCITATA;1;;2025-10-13 11:23:26;1;vivigas;No;2025-09-08 09:20:56;SPN_LEAD;21;;98830;no;GCL184122;273394;2025-09-09;2841;Lead;1;0;0;1;OK;BKL;1;2025-09-01;OK;1;VIV000003892;;VIV000003892;;0;1;1;1;0;OK;
2842;vanessa.macheda;2025-09-08;Gas;;Vibo;;3;Ok Definitivo;1;;20;DA TRASMETTERE;2025-10-13 11:23:26;1;vivigas;No;2025-09-08 09:20:56;SPN_LEAD;21;;98831;no;GCL184122;273394;2025-09-09;2842;Lead;1;0;0;1;BKL;OK;1;2025-09-01;OK;1;;VIV000003893;;VIV000003893;0;1;1;1;0;OK;
2843;vanessa.macheda;2025-09-08;Luce;;Vibo;;7;Ko Recall;1;;1;;2025-10-13 11:23:26;1;vivigas;No;2025-09-08 09:24:10;SPN_LEAD;21;;98841;no;GCL184122;273394;0000-00-00;2843;Lead;1;0;0;1;BKL;BKL;0;2025-09-01;KO;0;;;;;0;1;0;0;0;BKL;
2844;angela.rizzo;2025-09-08;Luce;;Lamezia;;3;Ok Definitivo;7;ANNULLATO;1;;2025-10-13 11:23:26;1;vivigas;No;2025-09-08 11:34:33;SPN_LEAD;21;;99110;no;GCL183758;272761;2025-09-10;2844;Lead;1;0;0;1;KO;BKL;0;2025-09-01;OK;0;VIV000003895;;VIV000003895;;0;1;0;0;0;KO;
2845;angela.rizzo;2025-09-08;Gas;;Lamezia;;3;Ok Definitivo;1;;6;ANNULLATO;2025-10-13 11:23:26;1;vivigas;No;2025-09-08 11:34:33;SPN_LEAD;21;;99111;no;GCL183758;272761;2025-09-10;2845;Lead;1;0;0;1;BKL;KO;0;2025-09-01;OK;0;;VIV000003896;;VIV000003896;0;1;0;0;0;KO;
2846;vanessa.macheda;2025-09-08;Gas;;Vibo;;3;Ok Definitivo;1;;23;AMMISSIBILE;2025-10-13 11:23:26;1;vivigas;No;2025-09-08 17:12:22;SPN_LEAD;21;;99678;no;GCL184414;273788;2025-09-09;2846;Lead;1;0;0;1;BKL;OK;1;2025-09-01;OK;1;;VIV000003897;;VIV000003897;0;1;1;1;0;OK;
2847;christian.gatto;2025-09-09;Luce;;Lamezia;;3;Ok Definitivo;24;CHIUSO;1;;2025-10-13 11:23:26;1;vivigas;No;2025-09-09 07:55:15;SPN_LEAD;21;;99837;no;GCL184437;273832;2025-09-09;2847;Lead;1;0;0;1;OK;BKL;1;2025-09-01;OK;1;VIV000003898;;VIV000003898;;0;1;1;1;0;OK;
2848;francesca.stella;2025-09-09;Luce;;Lamezia;;3;Ok Definitivo;7;ANNULLATO;1;;2025-10-13 11:23:26;1;vivigas;No;2025-09-09 09:51:53;LEAD_OUT;61;;99989;no;GCL178304;260799;2025-09-09;2848;Lead;1;0;0;1;KO;BKL;0;2025-09-01;OK;0;VIV000003899;;VIV000003899;;0;1;0;0;0;KO;
2849;francesca.stella;2025-09-09;Gas;;Lamezia;;3;Ok Definitivo;1;;6;ANNULLATO;2025-10-13 11:23:26;1;vivigas;No;2025-09-09 09:51:53;LEAD_OUT;61;;99990;no;GCL178304;260799;2025-09-09;2849;Lead;1;0;0;1;BKL;KO;0;2025-09-01;OK;0;;VIV000003900;;VIV000003900;0;1;0;0;0;KO;
2850;chiara.ruberto;2025-09-09;Luce;;Lamezia;;4;Ko Definitivo;1;;1;;2025-10-13 11:23:26;1;vivigas;No;2025-09-09 10:53:51;LEAD_OUT;61;;100086;no;GCL179412;262613;0000-00-00;2850;Lead;1;0;0;1;BKL;BKL;0;2025-09-01;KO;0;;;;;0;1;0;0;0;BKL;
2851;milena.passarelli;2025-09-10;Luce;;Castrovillari;;12;Bozza;1;;1;;2025-10-13 11:23:26;1;vivigas;No;2025-09-09 16:57:05;PLEN_SW2;52;;100798;no;Vuoto;6204;0000-00-00;2851;Valore;1;0;0;1;BKL;BKL;0;2025-09-01;KO;0;;;;;0;1;0;0;0;BKL;
2852;roberta.montalto;2025-09-10;Luce;;Lamezia;RID;3;Ok Definitivo;21;AMMISSIBILE;1;;2025-10-13 11:23:26;1;vivigas;No;2025-09-10 08:14:04;SPN_LEAD;21;Fattura Elettronica;100951;no;GCL184836;274722;2025-09-10;2852;Lead;1;0;0;1;OK;BKL;1;2025-09-01;OK;1;VIV000003903;;VIV000003903;;0;1;1;1;0;OK;
2853;roberta.montalto;2025-09-10;Gas;Residenziale;Lamezia;RID;3;Ok Definitivo;1;;20;DA TRASMETTERE;2025-10-13 11:23:26;1;vivigas;No;2025-09-10 08:14:04;SPN_LEAD;21;Fattura Elettronica;100952;no;GCL184836;274722;2025-09-10;2853;Lead;1;0;0;1;BKL;OK;1;2025-09-01;OK;1;;VIV000003904;;VIV000003904;0;1;1;1;0;OK;
2854;roberta.montalto;2025-09-10;Luce;Residenziale;Lamezia;RID;3;Ok Definitivo;7;ANNULLATO;1;;2025-10-13 11:23:26;1;vivigas;No;2025-09-10 10:51:43;SPN_LEAD;21;Fattura Elettronica;101213;no;GCL184992;274908;2025-09-10;2854;Lead;1;0;0;1;KO;BKL;0;2025-09-01;OK;0;VIV000003905;;VIV000003905;;0;1;0;0;0;KO;
2855;gino.merli;2025-09-10;Luce;;Rende;;7;Ko Recall;1;;1;;2025-10-13 11:23:26;1;vivigas;No;2025-09-10 11:07:40;SPN_LEAD;21;;101255;no;GCL184951;274858;0000-00-00;2855;Lead;1;0;0;1;BKL;BKL;0;2025-09-01;KO;0;;;;;0;1;0;0;0;BKL;
2856;gino.merli;2025-09-10;Gas;;Rende;;7;Ko Recall;1;;1;;2025-10-13 11:23:26;1;vivigas;No;2025-09-10 11:07:40;SPN_LEAD;21;;101256;no;GCL184951;274858;0000-00-00;2856;Lead;1;0;0;1;BKL;BKL;0;2025-09-01;KO;0;;;;;0;1;0;0;0;BKL;
2857;fiorella.cosentino;2025-09-10;Gas;;Lamezia;;39;IRREPERIBILE;1;;1;;2025-10-13 11:23:26;1;vivigas;No;2025-09-10 12:28:24;SPN_LEAD;21;;101431;no;GCL162798;271026;0000-00-00;2857;Lead;1;0;0;1;BKL;BKL;0;2025-09-01;KO;0;;;;;0;1;0;0;0;BKL;
2858;fiorella.cosentino;2025-09-10;Luce;;Lamezia;;39;IRREPERIBILE;1;;1;;2025-10-13 11:23:26;1;vivigas;No;2025-09-10 12:41:14;SPN_LEAD;21;;101461;no;GCL162798;271026;0000-00-00;2858;Lead;1;0;0;1;BKL;BKL;0;2025-09-01;KO;0;;;;;0;1;0;0;0;BKL;
2859;isabella.cello;2025-09-10;Luce;;Lamezia;;4;Ko Definitivo;1;;1;;2025-10-13 11:23:26;1;vivigas;No;2025-09-10 12:41:49;SPN_LEAD;21;;101464;no;GCL184622;274233;0000-00-00;2859;Lead;1;0;0;1;BKL;BKL;0;2025-09-01;KO;0;;;;;0;1;0;0;0;BKL;
2860;isabella.cello;2025-09-10;Gas;;Lamezia;;4;Ko Definitivo;1;;1;;2025-10-13 11:23:26;1;vivigas;No;2025-09-10 12:41:49;SPN_LEAD;21;;101465;no;GCL184622;274233;0000-00-00;2860;Lead;1;0;0;1;BKL;BKL;0;2025-09-01;KO;0;;;;;0;1;0;0;0;BKL;
2861;vanessa.macheda;2025-09-10;Luce;;Vibo;;9;Ko Controllo Dati;1;;1;;2025-10-13 11:23:26;1;vivigas;No;2025-09-10 12:47:39;SPN_LEAD;21;;101471;no;GCL185057;275010;0000-00-00;2861;Lead;1;0;0;1;BKL;BKL;0;2025-09-01;KO;0;;;;;0;1;0;0;0;BKL;
2862;claudia.campisano;2025-09-10;Luce;;SanPietro;;3;Ok Definitivo;21;AMMISSIBILE;1;;2025-10-13 11:23:26;1;vivigas;No;2025-09-10 13:50:52;SPN_LEAD;21;;101626;no;GCL185082;275056;2025-09-11;2862;Lead;1;0;0;1;OK;BKL;1;2025-09-01;OK;1;VIV000003913;;VIV000003913;;0;1;1;1;0;OK;
2863;giuseppina.suppa;2025-09-10;Luce;;SanPietro;RID;4;Ko Definitivo;1;;1;;2025-10-13 11:23:26;1;vivigas;No;2025-09-10 14:17:29;PLEN_SW2;52;;101683;no;Vuoto;7263;0000-00-00;2863;Valore;1;0;0;1;BKL;BKL;0;2025-09-01;KO;0;;;;;0;1;0;0;0;BKL;
2864;milena.passarelli;2025-09-10;Luce;;Castrovillari;;3;Ok Definitivo;21;AMMISSIBILE;1;;2025-10-13 11:23:26;1;vivigas;No;2025-09-10 15:13:58;SPN_LEAD;21;;101790;no;GCL185141;275135;2025-09-15;2864;Lead;1;0;0;1;OK;BKL;1;2025-09-01;OK;1;VIV000003915;;VIV000003915;;0;1;1;1;0;OK;
2865;andreina.moschella;2025-09-10;Gas;Residenziale;Vibo;RID;3;Ok Definitivo;1;;8;ANNULLATO SII;2025-10-13 11:23:26;1;vivigas;No;2025-09-10 15:23:12;SPN_LEAD;21;Posta (Residenza);101806;no;GCL185148;275143;2025-09-11;2865;Lead;1;0;0;1;BKL;KO;0;2025-09-01;OK;0;;VIV000003916;;VIV000003916;0;1;0;0;0;KO;
2866;silvana.macri;2025-09-10;Luce;;Lamezia;;39;IRREPERIBILE;1;;1;;2025-10-13 11:23:26;1;vivigas;No;2025-09-10 16:50:12;LEAD_OUT;61;;101937;no;GCL120468;118760;0000-00-00;2866;Lead;1;0;0;1;BKL;BKL;0;2025-09-01;KO;0;;;;;0;1;0;0;0;BKL;
2867;silvana.macri;2025-09-10;Gas;;Lamezia;;39;IRREPERIBILE;1;;1;;2025-10-13 11:23:26;1;vivigas;No;2025-09-10 16:50:12;LEAD_OUT;61;;101938;no;GCL120468;118760;0000-00-00;2867;Lead;1;0;0;1;BKL;BKL;0;2025-09-01;KO;0;;;;;0;1;0;0;0;BKL;
2868;teresa.mandaradoni;2025-09-10;Luce;Residenziale;Vibo;RID;3;Ok Definitivo;7;ANNULLATO;1;;2025-10-13 11:23:26;1;vivigas;No;2025-09-10 17:30:29;SPN_LEAD;21;Fattura Elettronica;102004;no;GCL185233;275259;2025-09-11;2868;Lead;1;0;0;1;KO;BKL;0;2025-09-01;OK;0;VIV000003919;;VIV000003919;;0;1;0;0;0;KO;
2869;anna.martone;2025-09-11;Luce;;Vibo;RID;7;Ko Recall;1;;1;;2025-10-13 11:23:26;1;vivigas;No;2025-09-11 07:53:24;SPN_LEAD;21;;102157;no;GCL185276;275398;0000-00-00;2869;Lead;1;0;0;1;BKL;BKL;0;2025-09-01;KO;0;;;;;0;1;0;0;0;BKL;
2870;luana.cutrulla;2025-09-11;Luce;;Lamezia;;3;Ok Definitivo;7;ANNULLATO;1;;2025-10-13 11:23:26;1;vivigas;No;2025-09-11 08:40:59;SPN_LEAD;21;;102232;no;GCL185315;275527;2025-09-12;2870;Lead;1;0;0;1;KO;BKL;0;2025-09-01;OK;0;VIV000003921;;VIV000003921;;0;1;0;0;0;KO;
2871;luana.cutrulla;2025-09-11;Gas;;Lamezia;;3;Ok Definitivo;1;;6;ANNULLATO;2025-10-13 11:23:26;1;vivigas;No;2025-09-11 08:54:28;SPN_LEAD;21;;102257;no;GCL185315;275527;2025-09-11;2871;Lead;1;0;0;1;BKL;KO;0;2025-09-01;OK;0;;VIV000003922;;VIV000003922;0;1;0;0;0;KO;
2872;martina.lucchino;2025-09-11;Luce;;Lamezia;;9;Ko Controllo Dati;1;;1;;2025-10-13 11:23:26;1;vivigas;No;2025-09-11 09:04:13;SPN_LEAD;21;;102273;no;GCL185322;275535;0000-00-00;2872;Lead;1;0;0;1;BKL;BKL;0;2025-09-01;KO;0;;;;;0;1;0;0;0;BKL;
2873;gino.lento;2025-09-11;Luce;;Rende;;3;Ok Definitivo;21;AMMISSIBILE;1;;2025-10-13 11:23:26;1;vivigas;No;2025-09-11 09:05:29;SPN_LEAD;21;;102276;no;GCL185596;275524;2025-09-12;2873;Lead;1;0;0;1;OK;BKL;1;2025-09-01;OK;1;VIV000003924;;VIV000003924;;0;1;1;1;0;OK;
2874;luana.cutrulla;2025-09-11;Luce;;Lamezia;;39;IRREPERIBILE;1;;1;;2025-10-13 11:23:26;1;vivigas;No;2025-09-11 09:38:50;SPN_LEAD;21;;102353;no;GCL185293;275515;0000-00-00;2874;Lead;1;0;0;1;BKL;BKL;0;2025-09-01;KO;0;;;;;0;1;0;0;0;BKL;
2875;rosalbina.tucci;2025-09-11;Luce;;Lamezia;;3;Ok Definitivo;24;CHIUSO;1;;2025-10-13 11:23:26;1;vivigas;No;2025-09-11 09:41:58;SPN_LEAD;21;;102366;no;GCL185365;275584;2025-09-11;2875;Lead;1;0;0;1;OK;BKL;1;2025-09-01;OK;1;VIV000003926;;VIV000003926;;0;1;1;1;0;OK;
2876;francesco.lucarelli;2025-09-11;Luce;;Castrovillari;;39;IRREPERIBILE;1;;1;;2025-10-13 11:23:26;1;vivigas;No;2025-09-11 10:36:09;SPN_LEAD;21;;102495;no;GCL185419;275658;0000-00-00;2876;Lead;1;0;0;1;BKL;BKL;0;2025-09-01;KO;0;;;;;0;1;0;0;0;BKL;
2877;mariaannunziata.suppa;2025-09-11;Luce;;Vibo;;3;Ok Definitivo;7;ANNULLATO;1;;2025-10-13 11:23:26;1;vivigas;No;2025-09-11 10:36:35;SPN_LEAD;21;;102496;no;GCL185420;275660;2025-09-13;2877;Lead;1;0;0;1;KO;BKL;0;2025-09-01;OK;0;VIV000003929;;VIV000003929;;0;1;0;0;0;KO;
2878;martina.perri;2025-09-11;Luce;;Castrovillari;;9;Ko Controllo Dati;1;;1;;2025-10-13 11:23:26;2;vivigas;Si;2025-09-11 12:57:45;VIVI_RET;29;;102716;no;Vuoto;270188;0000-00-00;2878;Winback;0,5;0;0;0.5;BKL;BKL;0;2025-09-01;KO;0;;;;;0;1;0;0;0;BKL;
2879;salvatore.lagrotteria;2025-09-11;Luce;Residenziale;Vibo;RID;39;IRREPERIBILE;1;;1;;2025-10-13 11:23:26;1;vivigas;No;2025-09-11 13:39:23;SPN_LEAD;21;Fattura Elettronica;102812;no;GCL185508;275789;0000-00-00;2879;Lead;1;0;0;1;BKL;BKL;0;2025-09-01;KO;0;;;;;0;1;0;0;0;BKL;
2880;isabella.cello;2025-09-11;Luce;;Lamezia;;9;Ko Controllo Dati;1;;1;;2025-10-13 11:23:26;1;vivigas;No;2025-09-11 14:12:40;SPN_LEAD;21;;102881;no;GCL185521;275814;0000-00-00;2880;Lead;1;0;0;1;BKL;BKL;0;2025-09-01;KO;0;;;;;0;1;0;0;0;BKL;
2881;beatrice.ariete;2025-09-11;Gas;;Castrovillari;;3;Ok Definitivo;1;;23;AMMISSIBILE;2025-10-13 11:23:26;1;vivigas;No;2025-09-11 15:13:11;SWO2;59;;103040;no;Vuoto;12625339;2025-09-13;2881;Prospect;1;0;0;1;BKL;OK;1;2025-09-01;OK;1;;VIV000003935;;VIV000003935;0;1;1;1;0;OK;
2882;beatrice.ariete;2025-09-11;Luce;;Castrovillari;;3;Ok Definitivo;26;DA TRASMETTERE;1;;2025-10-13 11:23:26;1;vivigas;No;2025-09-11 15:24:20;SWO2;59;;103070;no;Vuoto;12625339;2025-09-13;2882;Prospect;1;0;0;1;OK;BKL;1;2025-09-01;OK;1;VIV000003936;;VIV000003936;;0;1;1;1;0;OK;
2883;andreina.moschella;2025-09-11;Luce;;Vibo;RID;3;Ok Definitivo;7;ANNULLATO;1;;2025-10-13 11:23:26;1;vivigas;No;2025-09-11 16:46:29;SPN_LEAD;21;Posta (Residenza);103183;no;GCL185611;275939;2025-09-13;2883;Lead;1;0;0;1;KO;BKL;0;2025-09-01;OK;0;VIV000003937;;VIV000003937;;0;1;0;0;0;KO;
2884;andreina.moschella;2025-09-11;Gas;;Vibo;RID;3;Ok Definitivo;1;;6;ANNULLATO;2025-10-13 11:23:26;1;vivigas;No;2025-09-11 16:46:30;SPN_LEAD;21;Fattura Elettronica;103184;no;GCL185611;275939;2025-09-13;2884;Lead;1;0;0;1;BKL;KO;0;2025-09-01;OK;0;;VIV000003938;;VIV000003938;0;1;0;0;0;KO;
2885;rossella.cefala;2025-09-12;Luce;;Lamezia;RID;7;Ko Recall;1;;1;;2025-10-13 11:23:26;1;vivigas;No;2025-09-12 08:12:39;SPN_LEAD;21;;103380;no;GCL185670;276132;0000-00-00;2885;Lead;1;0;0;1;BKL;BKL;0;2025-09-01;KO;0;;;;;0;1;0;0;0;BKL;
2886;marilena.maritato;2025-09-12;Gas;;Rende;;12;Bozza;1;;1;;2025-10-13 11:23:26;1;vivigas;No;2025-09-12 09:51:04;SPN_LEAD;21;;103553;no;GCL185712;276239;0000-00-00;2886;Lead;1;0;0;1;BKL;BKL;0;2025-09-01;KO;0;;;;;0;1;0;0;0;BKL;
2887;innocenza.amantea;2025-09-12;Luce;;Lamezia;;3;Ok Definitivo;21;AMMISSIBILE;1;;2025-10-13 11:23:26;1;vivigas;No;2025-09-12 10:27:26;SPN_LEAD;21;;103590;no;GCL113887;275249;2025-09-13;2887;Lead;1;0;0;1;OK;BKL;1;2025-09-01;OK;1;VIV000003941;;VIV000003941;;0;1;1;1;0;OK;
2888;innocenza.amantea;2025-09-12;Gas;;Lamezia;;3;Ok Definitivo;1;;23;AMMISSIBILE;2025-10-13 11:23:26;1;vivigas;No;2025-09-12 10:41:05;SPN_LEAD;21;;103611;no;GCL113887;275249;2025-09-13;2888;Lead;1;0;0;1;BKL;OK;1;2025-09-01;OK;1;;VIV000003942;;VIV000003942;0;1;1;1;0;OK;
2889;valentina.razionale;2025-09-12;Luce;;Vibo;;3;Ok Definitivo;7;ANNULLATO;1;;2025-10-13 11:23:26;1;vivigas;No;2025-09-12 11:14:35;SPN_LEAD;21;;103668;no;GCL185776;276329;2025-09-12;2889;Lead;1;0;0;1;KO;BKL;0;2025-09-01;OK;0;VIV000003943;;VIV000003943;;0;1;0;0;0;KO;
2890;valentina.razionale;2025-09-12;Gas;;Vibo;;3;Ok Definitivo;1;;23;AMMISSIBILE;2025-10-13 11:23:26;1;vivigas;No;2025-09-12 11:24:58;SPN_LEAD;21;;103692;no;GCL185776;276329;2025-09-12;2890;Lead;1;0;0;1;BKL;OK;1;2025-09-01;OK;1;;VIV000003944;;VIV000003944;0;1;1;1;0;OK;
2891;andreina.moschella;2025-09-12;Luce;;Vibo;RID;7;Ko Recall;1;;1;;2025-10-13 11:23:26;1;vivigas;No;2025-09-12 11:37:53;SPN_LEAD;21;Fattura Elettronica;103708;no;GCL185789;276354;0000-00-00;2891;Lead;1;0;0;1;BKL;BKL;0;2025-09-01;KO;0;;;;;0;1;0;0;0;BKL;
2892;andreina.moschella;2025-09-12;Gas;;Vibo;RID;7;Ko Recall;1;;1;;2025-10-13 11:23:26;1;vivigas;No;2025-09-12 11:37:53;SPN_LEAD;21;Fattura Elettronica;103709;no;GCL185789;276354;0000-00-00;2892;Lead;1;0;0;1;BKL;BKL;0;2025-09-01;KO;0;;;;;0;1;0;0;0;BKL;
2893;valentina.cortosi;2025-09-12;Luce;;Vibo;;3;Ok Definitivo;9;ANNULLATO SII;1;;2025-10-13 11:23:26;1;vivigas;No;2025-09-12 15:34:23;SPN_LEAD;21;;104165;no;GCL185877;276491;2025-09-13;2893;Lead;1;0;0;1;KO;BKL;0;2025-09-01;OK;0;VIV000003948;;VIV000003948;;0;1;0;0;0;KO;
2894;valentina.cortosi;2025-09-12;Gas;;Vibo;RID;3;Ok Definitivo;1;;23;AMMISSIBILE;2025-10-13 11:23:26;1;vivigas;No;2025-09-12 15:34:23;SPN_LEAD;21;;104166;no;GCL185877;276491;2025-09-13;2894;Lead;1;0;0;1;BKL;OK;1;2025-09-01;OK;1;;VIV000003949;;VIV000003949;0;1;1;1;0;OK;
2895;isabella.cello;2025-09-12;Gas;;Lamezia;;3;Ok Definitivo;1;;23;AMMISSIBILE;2025-10-13 11:23:26;1;vivigas;No;2025-09-12 16:15:51;SPN_LEAD;21;;104218;no;GCL185908;276529;2025-09-15;2895;Lead;1;0;0;1;BKL;OK;1;2025-09-01;OK;1;;VIV000003950;;VIV000003950;0;1;1;1;0;OK;
2896;valentina.cortosi;2025-09-12;Luce;;Vibo;RID;39;IRREPERIBILE;1;;1;;2025-10-13 11:23:26;1;vivigas;No;2025-09-12 16:44:17;SPN_LEAD;21;;104267;no;GCL185923;276548;0000-00-00;2896;Lead;1;0;0;1;BKL;BKL;0;2025-09-01;KO;0;;;;;0;1;0;0;0;BKL;
2897;valentina.cortosi;2025-09-12;Gas;;Vibo;;39;IRREPERIBILE;1;;1;;2025-10-13 11:23:26;1;vivigas;No;2025-09-12 16:44:17;SPN_LEAD;21;;104268;no;GCL185923;276548;0000-00-00;2897;Lead;1;0;0;1;BKL;BKL;0;2025-09-01;KO;0;;;;;0;1;0;0;0;BKL;
2898;valentina.sola;2025-09-13;Luce;;Castrovillari;;3;Ok Definitivo;7;ANNULLATO;1;;2025-10-13 11:23:26;1;vivigas;No;2025-09-13 07:42:43;FINEPROM;76;;104456;no;Vuoto;12793551;2025-09-15;2898;Valore;1;0;0;1;KO;BKL;0;2025-09-01;OK;0;VIV000003953;;VIV000003953;;0;1;0;0;0;KO;
2899;valentina.sola;2025-09-13;Gas;;Castrovillari;;3;Ok Definitivo;1;;6;ANNULLATO;2025-10-13 11:23:26;1;vivigas;No;2025-09-13 07:42:43;FINEPROM;76;;104457;no;Vuoto;12793551;2025-09-15;2899;Valore;1;0;0;1;BKL;KO;0;2025-09-01;OK;0;;VIV000003954;;VIV000003954;0;1;0;0;0;KO;
2900;martina.lucchino;2025-09-13;Luce;;Lamezia;RID;3;Ok Definitivo;7;ANNULLATO;1;;2025-10-13 11:23:26;1;vivigas;No;2025-09-13 08:04:43;SPN_LEAD;21;;104515;no;GCL186000;276712;2025-09-13;2900;Lead;1;0;0;1;KO;BKL;0;2025-09-01;OK;0;VIV000003955;;VIV000003955;;0;1;0;0;0;KO;
2901;francesca.filomia;2025-09-13;Luce;;Castrovillari;;7;Ko Recall;1;;1;;2025-10-13 11:23:26;1;vivigas;no;2025-09-13 08:43:30;SPN_LEAD;21;;104567;no;GCL186006;276845;0000-00-00;2901;Lead;1;0;0;1;BKL;BKL;0;2025-09-01;KO;0;;;;;0;1;0;0;0;BKL;
2902;isabella.cello;2025-09-13;Luce;;Lamezia;;3;Ok Definitivo;7;ANNULLATO;1;;2025-10-13 11:23:26;1;vivigas;No;2025-09-13 09:37:42;SPN_LEAD;21;;104674;no;GCL186065;276890;2025-09-15;2902;Lead;1;0;0;1;KO;BKL;0;2025-09-01;OK;0;VIV000003959;;VIV000003959;;0;1;0;0;0;KO;
2903;isabella.cello;2025-09-13;Gas;;Lamezia;;3;Ok Definitivo;1;;6;ANNULLATO;2025-10-13 11:23:26;1;vivigas;No;2025-09-13 09:37:42;SPN_LEAD;21;;104675;no;GCL186065;276890;2025-09-15;2903;Lead;1;0;0;1;BKL;KO;0;2025-09-01;OK;0;;VIV000003960;;VIV000003960;0;1;0;0;0;KO;
2904;luana.cutrulla;2025-09-13;Luce;;Lamezia;;3;Ok Definitivo;7;ANNULLATO;1;;2025-10-13 11:23:26;1;vivigas;No;2025-09-13 09:47:02;SPN_LEAD;21;;104687;no;GCL186075;276904;2025-09-13;2904;Lead;1;0;0;1;KO;BKL;0;2025-09-01;OK;0;VIV000003961;;VIV000003961;;0;1;0;0;0;KO;
2905;saverio.gigliotti;2025-09-13;Luce;;Lamezia;;3;Ok Definitivo;21;AMMISSIBILE;1;;2025-10-13 11:23:26;1;vivigas;No;2025-09-13 11:45:22;SPN_LEAD;21;;104926;no;GCL186147;277005;2025-09-15;2905;Lead;1;0;0;1;OK;BKL;1;2025-09-01;OK;1;VIV000003962;;VIV000003962;;0;1;1;1;0;OK;
2906;fiorella.cosentino;2025-09-13;Gas;;Lamezia;;4;Ko Definitivo;1;;1;;2025-10-13 11:23:26;1;vivigas;No;2025-09-13 11:50:20;SPN_LEAD;21;;104931;no;GCL186140;276995;0000-00-00;2906;Lead;1;0;0;1;BKL;BKL;0;2025-09-01;KO;0;;;;;0;1;0;0;0;BKL;
2907;roberta.montalto;2025-09-15;Luce;;Lamezia;RID;3;Ok Definitivo;7;ANNULLATO;1;;2025-10-13 11:23:26;1;vivigas;No;2025-09-15 09:05:53;SPN_LEAD;21;;105136;no;GCL186388;277606;2025-09-15;2907;Lead;1;0;0;1;KO;BKL;0;2025-09-01;OK;0;VIV000003964;;VIV000003964;;0;1;0;0;0;KO;
2908;roberta.montalto;2025-09-15;Gas;;Lamezia;;3;Ok Definitivo;1;;6;ANNULLATO;2025-10-13 11:23:26;1;vivigas;No;2025-09-15 09:05:53;SPN_LEAD;21;;105137;no;GCL186388;277606;2025-09-15;2908;Lead;1;0;0;1;BKL;KO;0;2025-09-01;OK;0;;VIV000003965;;VIV000003965;0;1;0;0;0;KO;
2909;martina.lucchino;2025-09-15;Luce;;Lamezia;;39;IRREPERIBILE;1;;1;;2025-10-13 11:23:26;1;vivigas;No;2025-09-15 09:34:13;SPN_LEAD;21;;105175;no;GCL186400;277618;0000-00-00;2909;Lead;1;0;0;1;BKL;BKL;0;2025-09-01;KO;0;;;;;0;1;0;0;0;BKL;
2910;martina.lucchino;2025-09-15;Gas;;Lamezia;;39;IRREPERIBILE;1;;1;;2025-10-13 11:23:26;1;vivigas;No;2025-09-15 09:34:13;SPN_LEAD;21;;105176;no;GCL186400;277618;0000-00-00;2910;Lead;1;0;0;1;BKL;BKL;0;2025-09-01;KO;0;;;;;0;1;0;0;0;BKL;
2911;luciana.brosio;2025-09-15;Luce;;Vibo;;3;Ok Definitivo;7;ANNULLATO;1;;2025-10-13 11:23:26;1;vivigas;No;2025-09-15 10:02:56;SPN_LEAD;21;;105216;no;GCL186435;277657;2025-09-16;2911;Lead;1;0;0;1;KO;BKL;0;2025-09-01;OK;0;VIV000003968;;VIV000003968;;0;1;0;0;0;KO;
2912;isabella.cello;2025-09-15;Luce;;Lamezia;;9;Ko Controllo Dati;1;;1;;2025-10-13 11:23:26;1;vivigas;No;2025-09-15 12:45:44;SPN_LEAD;21;;105508;no;GCL186521;277771;0000-00-00;2912;Lead;1;0;0;1;BKL;BKL;0;2025-09-01;KO;0;;;;;0;1;0;0;0;BKL;
2913;andreina.moschella;2025-09-15;Luce;;Vibo;RID;3;Ok Definitivo;24;CHIUSO;1;;2025-10-13 11:23:26;1;vivigas;No;2025-09-15 12:50:28;SPN_LEAD;21;;105525;no;GCL186557;277843;2025-09-16;2913;Lead;1;0;0;1;OK;BKL;1;2025-09-01;OK;1;VIV000003970;;VIV000003970;;0;1;1;1;0;OK;
2914;andreina.moschella;2025-09-15;Luce;;Vibo;RID;3;Ok Definitivo;7;ANNULLATO;1;;2025-10-13 11:23:26;1;vivigas;No;2025-09-15 13:33:22;SPN_LEAD;21;Fattura Elettronica;105632;no;GCL186599;277903;2025-09-15;2914;Lead;1;0;0;1;KO;BKL;0;2025-09-01;OK;0;VIV000003971;;VIV000003971;;0;1;0;0;0;KO;
2915;rosalba.romano;2025-09-15;Luce;Residenziale;Lamezia;;4;Ko Definitivo;1;;1;;2025-10-13 11:23:26;1;vivigas;No;2025-09-15 13:58:55;SPN_LEAD;21;;105675;no;GCL186622;277935;2025-09-15;2915;Lead;1;0;0;1;BKL;BKL;0;2025-09-01;KO;0;;;;;0;1;0;0;0;BKL;
2916;gino.lento;2025-09-15;Gas;;Rende;;3;Ok Definitivo;1;;6;ANNULLATO;2025-10-13 11:23:26;1;vivigas;No;2025-09-15 14:05:29;SPN_LEAD;21;;105696;no;GCL186288;277304;2025-09-17;2916;Lead;1;0;0;1;BKL;KO;0;2025-09-01;OK;0;;VIV000003973;;VIV000003973;0;1;0;0;0;KO;
2917;andreina.moschella;2025-09-15;Luce;;Vibo;RID;3;Ok Definitivo;27;REVOCA NON ESERCITATA;1;;2025-10-13 11:23:26;1;vivigas;No;2025-09-15 14:16:51;SPN_LEAD;21;Fattura Elettronica;105724;no;GCL186642;277961;2025-09-16;2917;Lead;1;0;0;1;OK;BKL;1;2025-09-01;OK;1;VIV000003974;;VIV000003974;;0;1;1;1;0;OK;
2918;andreina.moschella;2025-09-15;Gas;;Vibo;RID;3;Ok Definitivo;1;;23;AMMISSIBILE;2025-10-13 11:23:26;1;vivigas;No;2025-09-15 14:16:51;SPN_LEAD;21;Fattura Elettronica;105725;no;GCL186642;277961;2025-09-16;2918;Lead;1;0;0;1;BKL;OK;1;2025-09-01;OK;1;;VIV000003975;;VIV000003975;0;1;1;1;0;OK;
2919;rosalba.romano;2025-09-15;Gas;;Lamezia;;4;Ko Definitivo;1;;1;;2025-10-13 11:23:26;1;vivigas;No;2025-09-15 14:17:48;SPN_LEAD;21;;105731;no;GCL186622;277935;0000-00-00;2919;Lead;1;0;0;1;BKL;BKL;0;2025-09-01;KO;0;;;;;0;1;0;0;0;BKL;
2920;rosalba.romano;2025-09-15;Gas;consumer;Lamezia;SSD;12;Bozza;1;;1;;2025-10-13 11:23:26;1;vivigas;No;2025-09-15 14:20:37;SPN_LEAD;21;Mail;105737;no;GCL186622;277935;0000-00-00;2920;Lead;1;0;0;1;BKL;BKL;0;2025-09-01;KO;0;;;;;0;1;0;0;0;BKL;
2921;vanessa.macheda;2025-09-15;Luce;;Vibo;;3;Ok Definitivo;7;ANNULLATO;1;;2025-10-13 11:23:26;1;vivigas;No;2025-09-15 14:40:16;SPN_LEAD;21;;105785;no;GCL186634;277949;2025-09-16;2921;Lead;1;0;0;1;KO;BKL;0;2025-09-01;OK;0;VIV000003978;;VIV000003978;;0;1;0;0;0;KO;
2922;isabella.cello;2025-09-15;Luce;;Lamezia;;7;Ko Recall;1;;1;;2025-10-13 11:23:26;1;vivigas;No;2025-09-15 14:47:47;SPN_LEAD;21;;105819;no;GCL186656;277977;0000-00-00;2922;Lead;1;0;0;1;BKL;BKL;0;2025-09-01;KO;0;;;;;0;1;0;0;0;BKL;
2923;isabella.cello;2025-09-15;Gas;;Lamezia;;7;Ko Recall;1;;1;;2025-10-13 11:23:26;1;vivigas;No;2025-09-15 14:47:47;SPN_LEAD;21;;105820;no;GCL186656;277977;0000-00-00;2923;Lead;1;0;0;1;BKL;BKL;0;2025-09-01;KO;0;;;;;0;1;0;0;0;BKL;
2924;adele.gualtieri;2025-09-15;Luce;;Lamezia;;4;Ko Definitivo;1;;1;;2025-10-13 11:23:26;1;vivigas;No;2025-09-15 15:16:34;SPN_LEAD;21;;105904;no;GCL186703;278035;0000-00-00;2924;Lead;1;0;0;1;BKL;BKL;0;2025-09-01;KO;0;;;;;0;1;0;0;0;BKL;
2925;adele.gualtieri;2025-09-15;Gas;;Lamezia;;4;Ko Definitivo;1;;1;;2025-10-13 11:23:26;1;vivigas;No;2025-09-15 15:16:34;SPN_LEAD;21;;105905;no;GCL186703;278035;0000-00-00;2925;Lead;1;0;0;1;BKL;BKL;0;2025-09-01;KO;0;;;;;0;1;0;0;0;BKL;
2926;gino.merli;2025-09-15;Gas;;Rende;;3;Ok Definitivo;1;;23;AMMISSIBILE;2025-10-13 11:23:26;1;vivigas;No;2025-09-15 15:55:56;SPN_LEAD;21;;105989;no;GCL186673;278000;2025-09-24;2926;Lead;1;0;0;1;BKL;OK;1;2025-09-01;OK;1;;VIV000003983;;VIV000003983;0;1;1;1;0;OK;
2927;salvatore.lagrotteria;2025-09-15;Luce;;Vibo;;7;Ko Recall;1;;1;;2025-10-13 11:23:26;1;vivigas;No;2025-09-15 16:01:57;SPN_LEAD;21;;106004;no;GCL186722;278054;0000-00-00;2927;Lead;1;0;0;1;BKL;BKL;0;2025-09-01;KO;0;;;;;0;1;0;0;0;BKL;
2928;salvatore.lagrotteria;2025-09-15;Gas;Residenziale;Vibo;RID;7;Ko Recall;1;;1;;2025-10-13 11:23:26;1;vivigas;No;2025-09-15 16:03:13;SPN_LEAD;21;;106009;no;GCL186722;278054;0000-00-00;2928;Lead;1;0;0;1;BKL;BKL;0;2025-09-01;KO;0;;;;;0;1;0;0;0;BKL;
2929;graziella.dona;2025-09-16;Luce;;Lamezia;;4;Ko Definitivo;1;;1;;2025-10-13 11:23:26;1;vivigas;No;2025-09-16 07:46:20;SPN_LEAD;21;;106294;no;GCL186791;278157;0000-00-00;2929;Lead;1;0;0;1;BKL;BKL;0;2025-09-01;KO;0;;;;;0;1;0;0;0;BKL;
2930;graziella.dona;2025-09-16;Gas;;Lamezia;;4;Ko Definitivo;1;;1;;2025-10-13 11:23:26;1;vivigas;No;2025-09-16 07:46:20;SPN_LEAD;21;;106295;no;GCL186791;278157;0000-00-00;2930;Lead;1;0;0;1;BKL;BKL;0;2025-09-01;KO;0;;;;;0;1;0;0;0;BKL;
2931;mariarosa.barba;2025-09-16;Luce;Residenziale;Vibo;RID;39;IRREPERIBILE;1;;1;;2025-10-13 11:23:26;1;vivigas;No;2025-09-16 08:08:17;SPN_LEAD;21;;106332;no;GCL186837;278448;0000-00-00;2931;Lead;1;0;0;1;BKL;BKL;0;2025-09-01;KO;0;;;;;0;1;0;0;0;BKL;
2932;martina.lucchino;2025-09-16;Luce;;Lamezia;RID;5;In attesa Sblocco;1;;1;;2025-10-13 11:23:26;1;vivigas;No;2025-09-16 09:08:26;SPN_LEAD;21;;106404;no;GCL186839;278450;2025-09-17;2932;Lead;1;0;0;1;BKL;BKL;0;2025-09-01;BKLP;0;;;;;0;1;0;0;0;BKL;
2933;martina.lucchino;2025-09-16;Luce;;Lamezia;RID;3;Ok Definitivo;24;CHIUSO;1;;2025-10-13 11:23:26;1;vivigas;No;2025-09-16 09:15:32;SPN_LEAD;21;;106418;no;GCL186839;278450;2025-09-17;2933;Lead;1;0;0;1;OK;BKL;1;2025-09-01;OK;1;VIV000003990;;VIV000003990;;0;1;1;1;0;OK;
2934;rita.dimodugno;2025-09-16;Luce;;Castrovillari;;7;Ko Recall;1;;1;;2025-10-13 11:23:26;1;vivigas;No;2025-09-16 09:16:36;SPN_LEAD;21;;106420;no;GCL186861;278475;0000-00-00;2934;Lead;1;0;0;1;BKL;BKL;0;2025-09-01;KO;0;;;;;0;1;0;0;0;BKL;
2935;rita.dimodugno;2025-09-16;Gas;;Castrovillari;;7;Ko Recall;1;;1;;2025-10-13 11:23:26;1;vivigas;No;2025-09-16 09:16:36;SPN_LEAD;21;;106421;no;GCL186861;278475;0000-00-00;2935;Lead;1;0;0;1;BKL;BKL;0;2025-09-01;KO;0;;;;;0;1;0;0;0;BKL;
2936;christian.gatto;2025-09-17;Luce;consumer;Lamezia;Bollettino;12;Bozza;1;;1;;2025-10-13 11:23:26;1;vivigas;No;2025-09-16 10:00:40;SPN_LEAD;21;Mail;106492;no;GCL186907;278531;0000-00-00;2936;Lead;1;0;0;1;BKL;BKL;0;2025-09-01;KO;0;;;;;0;1;0;0;0;BKL;
2937;christian.gatto;2025-09-17;Gas;consumer;Lamezia;Bollettino;12;Bozza;1;;1;;2025-10-13 11:23:26;1;vivigas;No;2025-09-16 10:00:40;SPN_LEAD;21;Mail;106493;no;GCL186907;278531;0000-00-00;2937;Lead;1;0;0;1;BKL;BKL;0;2025-09-01;KO;0;;;;;0;1;0;0;0;BKL;
2938;anna.martone;2025-09-16;Luce;;Vibo;;3;Ok Definitivo;7;ANNULLATO;1;;2025-10-13 11:23:26;1;vivigas;No;2025-09-16 10:03:10;SPN_LEAD;21;;106498;no;GCL186935;278566;2025-09-16;2938;Lead;1;0;0;1;KO;BKL;0;2025-09-01;OK;0;VIV000003995;;VIV000003995;;0;1;0;0;0;KO;
2939;valentina.razionale;2025-09-16;Luce;;Vibo;;9;Ko Controllo Dati;1;;1;;2025-10-13 11:23:26;1;vivigas;No;2025-09-16 13:11:46;SPN_LEAD;21;;106875;no;GCL187027;278682;0000-00-00;2939;Lead;1;0;0;1;BKL;BKL;0;2025-09-01;KO;0;;;;;0;1;0;0;0;BKL;
2940;valentina.razionale;2025-09-16;Gas;;Vibo;;9;Ko Controllo Dati;1;;1;;2025-10-13 11:23:26;1;vivigas;No;2025-09-16 13:11:46;SPN_LEAD;21;;106876;no;GCL187027;278682;0000-00-00;2940;Lead;1;0;0;1;BKL;BKL;0;2025-09-01;KO;0;;;;;0;1;0;0;0;BKL;
2941;andreina.moschella;2025-09-16;Luce;;Vibo;RID;3;Ok Definitivo;21;AMMISSIBILE;1;;2025-10-13 11:23:26;1;vivigas;No;2025-09-16 13:42:35;SPN_LEAD;21;Fattura Elettronica;106959;no;GCL187046;278706;2025-09-16;2941;Lead;1;0;0;1;OK;BKL;1;2025-09-01;OK;1;VIV000003998;;VIV000003998;;0;1;1;1;0;OK;
2942;elvira.capasso;2025-09-16;Luce;;Lamezia;;8;Ko Vocal;1;;1;;2025-10-13 11:23:26;1;vivigas;No;2025-09-16 14:22:58;SPN_LEAD;21;;107043;no;GCL187101;278774;0000-00-00;2942;Lead;1;0;0;1;BKL;BKL;0;2025-09-01;KO;0;;;;;0;1;0;0;0;BKL;
2943;luciana.brosio;2025-09-16;Luce;;Vibo;;7;Ko Recall;1;;1;;2025-10-13 11:23:26;1;vivigas;No;2025-09-16 14:26:00;SPN_LEAD;21;;107048;no;GCL187064;278727;0000-00-00;2943;Lead;1;0;0;1;BKL;BKL;0;2025-09-01;KO;0;;;;;0;1;0;0;0;BKL;
2944;isabella.cello;2025-09-16;Luce;;Lamezia;;3;Ok Definitivo;7;ANNULLATO;1;;2025-10-13 11:23:26;1;vivigas;No;2025-09-16 14:29:50;SPN_LEAD;21;;107060;no;GCL186978;278621;2025-09-16;2944;Lead;1;0;0;1;KO;BKL;0;2025-09-01;OK;0;VIV000004001;;VIV000004001;;0;1;0;0;0;KO;
2945;valentina.cortosi;2025-09-16;Luce;;Vibo;;3;Ok Definitivo;21;AMMISSIBILE;1;;2025-10-13 11:23:26;1;vivigas;No;2025-09-16 15:37:48;SPN_LEAD;21;;107219;no;GCL187141;278826;2025-09-17;2945;Lead;1;0;0;1;OK;BKL;1;2025-09-01;OK;1;VIV000004002;;VIV000004002;;0;1;1;1;0;OK;
2946;milena.passarelli;2025-09-16;Luce;;Castrovillari;;39;IRREPERIBILE;1;;1;;2025-10-13 11:23:26;1;vivigas;No;2025-09-16 15:57:16;SPN_LEAD;21;Posta (Residenza);107269;no;GCL187156;278847;0000-00-00;2946;Lead;1;0;0;1;BKL;BKL;0;2025-09-01;KO;0;;;;;0;1;0;0;0;BKL;
2947;saverio.gigliotti;2025-09-17;Gas;;Lamezia;RID;3;Ok Definitivo;1;;6;ANNULLATO;2025-10-13 11:23:26;1;vivigas;No;2025-09-17 07:32:35;SPN_LEAD;21;;107477;no;GCL187212;278925;2025-09-17;2947;Lead;1;0;0;1;BKL;KO;0;2025-09-01;OK;0;;VIV000004004;;VIV000004004;0;1;0;0;0;KO;
2948;saverio.gigliotti;2025-09-17;Luce;;Lamezia;;3;Ok Definitivo;7;ANNULLATO;1;;2025-10-13 11:23:26;1;vivigas;No;2025-09-17 08:30:40;SPN_LEAD;21;;107560;no;GCL187212;279107;2025-09-17;2948;Lead;1;0;0;1;KO;BKL;0;2025-09-01;OK;0;VIV000004005;;VIV000004005;;0;1;0;0;0;KO;
2949;anna.martone;2025-09-17;Luce;;Vibo;;39;IRREPERIBILE;1;;1;;2025-10-13 11:23:26;1;vivigas;No;2025-09-17 09:08:12;SPN_LEAD;21;;107610;no;GCL187292;279269;0000-00-00;2949;Lead;1;0;0;1;BKL;BKL;0;2025-09-01;KO;0;;;;;0;1;0;0;0;BKL;
2950;anna.martone;2025-09-17;Gas;;Vibo;;39;IRREPERIBILE;1;;1;;2025-10-13 11:23:26;1;vivigas;No;2025-09-17 09:08:13;SPN_LEAD;21;;107611;no;GCL187292;279269;0000-00-00;2950;Lead;1;0;0;1;BKL;BKL;0;2025-09-01;KO;0;;;;;0;1;0;0;0;BKL;
2951;graziella.dona;2025-09-17;Luce;;Lamezia;;3;Ok Definitivo;9;Annullato SII;1;;2025-10-13 11:23:26;1;vivigas;No;2025-09-17 10:19:04;SPN_LEAD;21;;107734;no;GCL187356;279341;2025-09-18;2951;Lead;1;0;0;1;KO;BKL;0;2025-09-01;OK;0;VIV000004008;;VIV000004008;;0;1;0;0;0;KO;
2952;valentina.razionale;2025-09-17;Luce;;Vibo;;7;Ko Recall;1;;1;;2025-10-13 11:23:26;1;vivigas;No;2025-09-17 11:33:44;SPN_LEAD;21;;107867;no;GCL187400;279404;0000-00-00;2952;Lead;1;0;0;1;BKL;BKL;0;2025-09-01;KO;0;;;;;0;1;0;0;0;BKL;
2953;valentina.razionale;2025-09-17;Gas;;Vibo;;7;Ko Recall;1;;1;;2025-10-13 11:23:26;1;vivigas;No;2025-09-17 11:33:45;SPN_LEAD;21;;107868;no;GCL187400;279404;0000-00-00;2953;Lead;1;0;0;1;BKL;BKL;0;2025-09-01;KO;0;;;;;0;1;0;0;0;BKL;
2954;martina.lucchino;2025-09-17;Luce;;Lamezia;;3;Ok Definitivo;21;AMMISSIBILE;1;;2025-10-13 11:23:26;1;vivigas;No;2025-09-17 12:18:51;SPN_LEAD;21;;107947;no;GCL187408;279418;2025-09-18;2954;Lead;1;0;0;1;OK;BKL;1;2025-09-01;OK;1;VIV000004011;;VIV000004011;;0;1;1;1;0;OK;
2955;martina.lucchino;2025-09-17;Gas;;Lamezia;;3;Ok Definitivo;1;;23;AMMISSIBILE;2025-10-13 11:23:26;1;vivigas;No;2025-09-17 12:18:51;SPN_LEAD;21;;107948;no;GCL187408;279418;2025-09-18;2955;Lead;1;0;0;1;BKL;OK;1;2025-09-01;OK;1;;VIV000004012;;VIV000004012;0;1;1;1;0;OK;
2956;irene.giampa;2025-09-17;Luce;;Lamezia;;3;Ok Definitivo;7;ANNULLATO;1;;2025-10-13 11:23:26;1;vivigas;No;2025-09-17 12:48:24;SPN_LEAD;21;;107995;no;GCL187424;279445;2025-09-18;2956;Lead;1;0;0;1;KO;BKL;0;2025-09-01;OK;0;VIV000004013;;VIV000004013;;0;1;0;0;0;KO;
2957;irene.giampa;2025-09-17;Gas;;Lamezia;;3;Ok Definitivo;1;;6;ANNULLATO;2025-10-13 11:23:26;1;vivigas;No;2025-09-17 12:48:24;SPN_LEAD;21;;107996;no;GCL187424;279445;2025-09-18;2957;Lead;1;0;0;1;BKL;KO;0;2025-09-01;OK;0;;VIV000004014;;VIV000004014;0;1;0;0;0;KO;
2958;luciana.brosio;2025-09-17;Luce;;Vibo;;3;Ok Definitivo;7;ANNULLATO;1;;2025-10-13 11:23:26;1;vivigas;No;2025-09-17 13:26:53;SPN_LEAD;21;;108082;no;GCL187455;279485;2025-09-24;2958;Lead;1;0;0;1;KO;BKL;0;2025-09-01;OK;0;VIV000004015;;VIV000004015;;0;1;0;0;0;KO;
2959;milena.passarelli;2025-09-17;Luce;;Castrovillari;;3;Ok Definitivo;21;AMMISSIBILE;1;;2025-10-13 11:23:26;1;vivigas;No;2025-09-17 14:26:53;VIVI_RET;29;;108246;no;Vuoto;270263;2025-09-19;2959;Winback;1;0;0;1;OK;BKL;1;2025-09-01;OK;1;VIV000004016;;VIV000004016;;0;1;1;1;0;OK;
2960;milena.passarelli;2025-09-17;Gas;;Castrovillari;;3;Ok Definitivo;1;;6;ANNULLATO;2025-10-13 11:23:26;1;vivigas;SI;2025-09-17 14:31:14;VIVI_RET;29;;108261;no;Vuoto;270263;2025-09-19;2960;Winback;1;0;0;1;BKL;KO;0;2025-09-01;OK;0;;VIV000004017;;VIV000004017;0;1;0;0;0;KO;
2961;maria.domanico;2025-09-17;Luce;;Rende;;3;Ok Definitivo;21;AMMISSIBILE;1;;2025-10-13 11:23:26;1;vivigas;No;2025-09-17 14:31:51;SPN_LEAD;21;;108263;no;GCL187496;279540;2025-09-18;2961;Lead;1;0;0;1;OK;BKL;1;2025-09-01;OK;1;VIV000004018;;VIV000004018;;0;1;1;1;0;OK;
2962;milena.passarelli;2025-09-17;Luce;;Castrovillari;;4;Ko Definitivo;1;;1;;2025-10-13 11:23:26;1;vivigas;No;2025-09-17 15:23:30;Plenitude SWO;73;;108414;no;Vuoto;265100;0000-00-00;2962;Valore;1;0;0;1;BKL;BKL;0;2025-09-01;KO;0;;;;;0;1;0;0;0;BKL;
2963;milena.passarelli;2025-09-17;Gas;;Castrovillari;;4;Ko Definitivo;1;;1;;2025-10-13 11:23:26;1;vivigas;No;2025-09-17 15:23:31;Plenitude SWO;73;;108415;no;Vuoto;265100;0000-00-00;2963;Valore;1;0;0;1;BKL;BKL;0;2025-09-01;KO;0;;;;;0;1;0;0;0;BKL;
2964;andreina.moschella;2025-09-17;Gas;;Vibo;RID;9;Ko Controllo Dati;1;;6;ANNULLATO;2025-10-13 11:23:26;1;vivigas;No;2025-09-17 16:48:10;SPN_LEAD;21;Posta (Residenza);108607;no;GCL187552;279620;0000-00-00;2964;Lead;1;0;0;1;BKL;KO;0;2025-09-01;KO;0;;VIV000004021;;VIV000004021;0;1;0;0;0;KO;
2965;tiziana.poerio;2025-09-25;Luce;;Vibo;;7;Ko Recall;1;;1;;2025-10-13 11:23:26;1;vivigas;No;2025-09-18 07:52:26;LEAD_OUT;61;;108810;no;GCL131146;142603;0000-00-00;2965;Lead;1;0;0;1;BKL;BKL;0;2025-09-01;KO;0;;;;;0;1;0;0;0;BKL;
2966;irene.giampa;2025-09-18;Luce;;Lamezia;;7;Ko Recall;1;;1;;2025-10-13 11:23:26;1;vivigas;No;2025-09-18 08:33:03;SPN_LEAD;21;;108859;no;GCL187627;279975;0000-00-00;2966;Lead;1;0;0;1;BKL;BKL;0;2025-09-01;KO;0;;;;;0;1;0;0;0;BKL;
2967;anna.martone;2025-09-18;Gas;;Vibo;;39;IRREPERIBILE;1;;1;;2025-10-13 11:23:26;1;vivigas;No;2025-09-18 10:27:08;SPN_LEAD;21;;109041;no;GCL187703;280070;0000-00-00;2967;Lead;1;0;0;1;BKL;BKL;0;2025-09-01;KO;0;;;;;0;1;0;0;0;BKL;
2968;luciana.brosio;2025-09-18;Luce;;Vibo;;4;Ko Definitivo;1;;1;;2025-10-13 11:23:26;1;vivigas;No;2025-09-18 10:40:07;SWO2;59;;109060;no;Vuoto;12608602;0000-00-00;2968;Prospect;1;0;0;1;BKL;BKL;0;2025-09-01;KO;0;;;;;0;1;0;0;0;BKL;
2969;luciana.brosio;2025-09-18;Gas;;Vibo;;4;Ko Definitivo;1;;1;;2025-10-13 11:23:26;1;vivigas;No;2025-09-18 10:40:38;SWO2;59;;109063;no;Vuoto;12608602;0000-00-00;2969;Prospect;1;0;0;1;BKL;BKL;0;2025-09-01;KO;0;;;;;0;1;0;0;0;BKL;
2970;francesca.stella;2025-09-18;Luce;;Lamezia;;3;Ok Definitivo;21;AMMISSIBILE;1;;2025-10-13 11:23:26;1;vivigas;No;2025-09-18 10:45:32;LEAD_OUT;61;;109068;no;GCL154157;187432;2025-09-19;2970;Lead;1;0;0;1;OK;BKL;1;2025-09-01;OK;0;VIV000004027;;VIV000004027;;1;1;1;0;1;OK;
2971;francesca.stella;2025-09-18;Gas;;Lamezia;;8;Ko Vocal;1;;1;;2025-10-13 11:23:26;1;vivigas;No;2025-09-18 10:45:32;LEAD_OUT;61;;109069;no;GCL154157;187432;0000-00-00;2971;Lead;1;0;0;1;BKL;BKL;0;2025-09-01;KO;0;;;;;0;1;0;0;0;BKL;
2972;matteo.passarelli;2025-09-18;Luce;;Castrovillari;;3;Ok Definitivo;24;CHIUSO;1;;2025-10-13 11:23:26;1;vivigas;No;2025-09-18 11:25:02;SPN_LEAD;21;;109156;no;GCL187640;279993;2025-09-18;2972;Lead;1;0;0;1;OK;BKL;1;2025-09-01;OK;1;VIV000004029;;VIV000004029;;0;1;1;1;0;OK;
2973;rosalbina.tucci;2025-09-18;Luce;;Lamezia;;3;Ok Definitivo;7;ANNULLATO;1;;2025-10-13 11:23:26;1;vivigas;No;2025-09-18 11:30:34;SPN_LEAD;21;;109162;no;GCL187754;280133;2025-09-18;2973;Lead;1;0;0;1;KO;BKL;0;2025-09-01;OK;0;VIV000004030;;VIV000004030;;0;1;0;0;0;KO;
2974;rosalbina.tucci;2025-09-18;Gas;;Lamezia;;3;Ok Definitivo;1;;6;ANNULLATO;2025-10-13 11:23:26;1;vivigas;No;2025-09-18 11:30:54;SPN_LEAD;21;;109163;no;GCL187754;280133;2025-09-18;2974;Lead;1;0;0;1;BKL;KO;0;2025-09-01;OK;0;;VIV000004031;;VIV000004031;0;1;0;0;0;KO;
2975;salvatore.lagrotteria;2025-09-18;Luce;;Vibo;;3;Ok Definitivo;21;AMMISSIBILE;1;;2025-10-13 11:23:26;1;vivigas;No;2025-09-18 14:48:01;SPN_LEAD;21;;109540;no;GCL187846;280261;2025-09-18;2975;Lead;1;0;0;1;OK;BKL;1;2025-09-01;OK;1;VIV000004034;;VIV000004034;;0;1;1;1;0;OK;
2976;salvatore.lagrotteria;2025-09-18;Gas;;Vibo;;3;Ok Definitivo;1;;23;AMMISSIBILE;2025-10-13 11:23:26;1;vivigas;No;2025-09-18 14:49:30;SPN_LEAD;21;;109544;no;GCL187846;280261;2025-09-18;2976;Lead;1;0;0;1;BKL;OK;1;2025-09-01;OK;1;;VIV000004035;;VIV000004035;0;1;1;1;0;OK;
2977;laura.talarico;2025-09-18;Luce;;Lamezia;;9;Ko Controllo Dati;1;;1;;2025-10-13 11:23:26;1;vivigas;No;2025-09-18 15:10:07;SPN_LEAD;21;;109577;no;GCL187860;280281;0000-00-00;2977;Lead;1;0;0;1;BKL;BKL;0;2025-09-01;KO;0;;;;;0;1;0;0;0;BKL;
2978;sergio.cappelli;2025-09-18;Luce;;Lamezia;;3;Ok Definitivo;7;ANNULLATO;1;;2025-10-13 11:23:26;1;vivigas;No;2025-09-18 16:10:45;SPN_LEAD;21;;109698;no;GCL187891;280316;2025-09-19;2978;Lead;1;0;0;1;KO;BKL;0;2025-09-01;OK;0;VIV000004037;;VIV000004037;;0;1;0;0;0;KO;
2979;milena.passarelli;2025-09-19;Luce;;Castrovillari;;7;Ko Recall;1;;1;;2025-10-13 11:23:26;1;vivigas;No;2025-09-19 16:14:43;SPN_LEAD;21;;110683;no;GCL188314;281137;0000-00-00;2979;Lead;1;0;0;1;BKL;BKL;0;2025-09-01;KO;0;;;;;0;1;0;0;0;BKL;
2980;andreina.moschella;2025-09-19;Luce;;Vibo;RID;39;IRREPERIBILE;1;;1;;2025-10-13 11:23:26;1;vivigas;No;2025-09-19 16:41:07;SPN_LEAD;21;Fattura Elettronica;110729;no;GCL188327;281153;0000-00-00;2980;Lead;1;0;0;1;BKL;BKL;0;2025-09-01;KO;0;;;;;0;1;0;0;0;BKL;
2981;andreina.moschella;2025-09-20;Luce;;Vibo;RID;3;Ok Definitivo;24;CHIUSO;1;;2025-10-13 11:23:26;1;vivigas;No;2025-09-19 17:13:03;SPN_LEAD;21;Fattura Elettronica;110778;no;GCL188346;281177;2025-09-20;2981;Lead;1;0;0;1;OK;BKL;1;2025-09-01;OK;1;VIV000004043;;VIV000004043;;0;1;1;1;0;OK;
2982;andreina.moschella;2025-09-20;Gas;;Vibo;RID;7;Ko Recall;1;;1;;2025-10-13 11:23:26;1;vivigas;No;2025-09-19 17:22:09;SPN_LEAD;21;Fattura Elettronica;110784;no;GCL188346;281177;0000-00-00;2982;Lead;1;0;0;1;BKL;BKL;0;2025-09-01;KO;0;;;;;0;1;0;0;0;BKL;
2983;isabella.cello;2025-09-20;Luce;;Lamezia;;3;Ok Definitivo;7;ANNULLATO;1;;2025-10-13 11:23:26;1;vivigas;No;2025-09-20 08:05:18;SPN_LEAD;21;;110897;no;GCL188390;281293;2025-09-20;2983;Lead;1;0;0;1;KO;BKL;0;2025-09-01;OK;0;VIV000004045;;VIV000004045;;0;1;0;0;0;KO;
2984;teresa.tancredi;2025-09-20;Luce;;Castrovillari;;3;Ok Definitivo;7;ANNULLATO;1;;2025-10-13 11:23:26;1;vivigas;No;2025-09-20 08:08:46;SPN_LEAD;21;;110901;no;GCL188128;280918;2025-09-20;2984;Lead;1;0;0;1;KO;BKL;0;2025-09-01;OK;0;VIV000004046;;VIV000004046;;0;1;0;0;0;KO;
2985;gino.lento;2025-09-20;Luce;;Rende;;7;Ko Recall;1;;1;;2025-10-13 11:23:26;1;vivigas;No;2025-09-20 08:35:44;SPN_LEAD;21;;110946;no;GCL188410;281401;0000-00-00;2985;Lead;1;0;0;1;BKL;BKL;0;2025-09-01;KO;0;;;;;0;1;0;0;0;BKL;
2986;maria.marinaro;2025-09-20;Luce;;Lamezia;;3;Ok Definitivo;7;ANNULLATO;1;;2025-10-13 11:23:26;1;vivigas;No;2025-09-20 09:08:48;SWO2;59;;111001;no;Vuoto;12066587;2025-09-20;2986;Prospect;1;0;0;1;KO;BKL;0;2025-09-01;OK;0;VIV000004049;;VIV000004049;;0;1;0;0;0;KO;
2987;maria.marinaro;2025-09-20;Gas;;Lamezia;;3;Ok Definitivo;1;;6;ANNULLATO;2025-10-13 11:23:26;1;vivigas;No;2025-09-20 09:08:48;SWO2;59;;111002;no;Vuoto;12066587;2025-09-20;2987;Prospect;1;0;0;1;BKL;KO;0;2025-09-01;OK;0;;VIV000004050;;VIV000004050;0;1;0;0;0;KO;
2988;vanessa.macheda;2025-09-20;Luce;;Vibo;;3;Ok Definitivo;7;ANNULLATO;1;;2025-10-13 11:23:26;1;vivigas;No;2025-09-20 09:47:55;SPN_LEAD;21;;111074;no;GCL188462;281468;2025-09-20;2988;Lead;1;0;0;1;KO;BKL;0;2025-09-01;OK;0;VIV000004051;;VIV000004051;;0;1;0;0;0;KO;
2989;rosetta.pullia;2025-09-22;Luce;;Lamezia;;7;Ko Recall;1;;1;;2025-10-13 11:23:26;1;vivigas;No;2025-09-22 08:06:18;SPN_LEAD;21;;111384;no;GCL188565;281598;0000-00-00;2989;Lead;1;0;0;1;BKL;BKL;0;2025-09-01;KO;0;;;;;0;1;0;0;0;BKL;
2990;rosalbina.tucci;2025-09-22;Luce;;Lamezia;;7;Ko Recall;1;;1;;2025-10-13 11:23:26;1;vivigas;No;2025-09-22 08:10:52;SPN_LEAD;21;;111396;no;GCL188623;281841;0000-00-00;2990;Lead;1;0;0;1;BKL;BKL;0;2025-09-01;KO;0;;;;;0;1;0;0;0;BKL;
2991;rosalbina.tucci;2025-09-22;Gas;;Lamezia;;7;Ko Recall;1;;1;;2025-10-13 11:23:26;1;vivigas;No;2025-09-22 08:10:52;SPN_LEAD;21;;111397;no;GCL188623;281841;0000-00-00;2991;Lead;1;0;0;1;BKL;BKL;0;2025-09-01;KO;0;;;;;0;1;0;0;0;BKL;
2992;angela.rizzo;2025-09-22;Luce;;Lamezia;RID;3;Ok Definitivo;7;ANNULLATO;1;;2025-10-13 11:23:26;1;vivigas;No;2025-09-22 08:25:13;SPN_LEAD;21;;111435;no;GCL188628;281903;2025-09-22;2992;Lead;1;0;0;1;KO;BKL;0;2025-09-01;OK;0;VIV000004055;;VIV000004055;;0;1;0;0;0;KO;
2993;angela.rizzo;2025-09-22;Gas;;Lamezia;;3;Ok Definitivo;1;;6;ANNULLATO;2025-10-13 11:23:26;1;vivigas;No;2025-09-22 08:25:13;SPN_LEAD;21;;111436;no;GCL188628;281903;2025-09-22;2993;Lead;1;0;0;1;BKL;KO;0;2025-09-01;OK;0;;VIV000004056;;VIV000004056;0;1;0;0;0;KO;
2994;adele.gualtieri;2025-09-22;Gas;;Lamezia;;39;IRREPERIBILE;1;;1;;2025-10-13 11:23:26;1;vivigas;No;2025-09-22 08:30:29;SPN_LEAD;21;;111451;no;GCL188651;282003;0000-00-00;2994;Lead;1;0;0;1;BKL;BKL;0;2025-09-01;KO;0;;;;;0;1;0;0;0;BKL;
2995;luana.cutrulla;2025-09-22;Luce;;Lamezia;;7;Ko Recall;1;;1;;2025-10-13 11:23:26;1;vivigas;No;2025-09-22 08:44:28;SPN_LEAD;21;;111475;no;GCL188665;282028;0000-00-00;2995;Lead;1;0;0;1;BKL;BKL;0;2025-09-01;KO;0;;;;;0;1;0;0;0;BKL;
2996;innocenza.amantea;2025-09-22;Luce;;Lamezia;;12;Bozza;1;;1;;2025-10-13 11:23:26;1;vivigas;No;2025-09-22 10:54:35;SPN_LEAD;21;;111729;no;GCL188813;282225;0000-00-00;2996;Lead;1;0;0;1;BKL;BKL;0;2025-09-01;KO;0;;;;;0;1;0;0;0;BKL;
2997;martina.lucchino;2025-09-22;Luce;;Lamezia;;3;Ok Definitivo;21;AMMISSIBILE;1;;2025-10-13 11:23:26;1;vivigas;No;2025-09-22 11:32:39;SPN_LEAD;21;;111810;no;GCL188843;282251;2025-09-22;2997;Lead;1;0;0;1;OK;BKL;1;2025-09-01;OK;1;VIV000004062;;VIV000004062;;0;1;1;1;0;OK;
2998;martina.lucchino;2025-09-22;Gas;;Lamezia;;3;Ok Definitivo;1;;23;AMMISSIBILE;2025-10-13 11:23:26;1;vivigas;No;2025-09-22 11:32:39;SPN_LEAD;21;;111811;no;GCL188843;282251;2025-09-22;2998;Lead;1;0;0;1;BKL;OK;1;2025-09-01;OK;1;;VIV000004063;;VIV000004063;0;1;1;1;0;OK;
2999;simona.raso;2025-09-22;Luce;;Lamezia;;39;IRREPERIBILE;1;;1;;2025-10-13 11:23:26;1;vivigas;No;2025-09-22 12:03:06;SPN_LEAD;21;;111873;no;GCL182650;270714;0000-00-00;2999;Lead;1;0;0;1;BKL;BKL;0;2025-09-01;KO;0;;;;;0;1;0;0;0;BKL;
3000;ilaria.cappello;2025-09-22;Luce;;Lamezia;;12;Bozza;1;;1;;2025-10-13 11:23:26;1;vivigas;No;2025-09-22 12:25:25;LEAD_OUT;61;;111913;no;GCL81094;57229;0000-00-00;3000;Lead;1;0;0;1;BKL;BKL;0;2025-09-01;KO;0;;;;;0;1;0;0;0;BKL;
3001;ilaria.cappello;2025-09-22;Gas;consumer;Lamezia;SSD;12;Bozza;1;;1;;2025-10-13 11:23:26;1;vivigas;No;2025-09-22 12:25:26;LEAD_OUT;61;Mail;111914;no;GCL81094;57229;0000-00-00;3001;Lead;1;0;0;1;BKL;BKL;0;2025-09-01;KO;0;;;;;0;1;0;0;0;BKL;
3002;graziella.dona;2025-09-22;Luce;;Lamezia;;3;Ok Definitivo;21;AMMISSIBILE;1;;2025-10-13 11:23:26;1;vivigas;No;2025-09-22 13:05:00;SPN_LEAD;21;;111982;no;GCL188930;282355;2025-09-25;3002;Lead;1;0;0;1;OK;BKL;1;2025-09-01;OK;1;VIV000004067;;VIV000004067;;0;1;1;1;0;OK;
3003;ilaria.cappello;2025-09-22;Gas;;Lamezia;;39;IRREPERIBILE;1;;1;;2025-10-13 11:23:26;1;vivigas;No;2025-09-22 15:05:25;SPN_LEAD;21;;112233;no;GCL189014;282470;0000-00-00;3003;Lead;1;0;0;1;BKL;BKL;0;2025-09-01;KO;0;;;;;0;1;0;0;0;BKL;
3004;ilaria.cappello;2025-09-22;Luce;;Lamezia;;39;IRREPERIBILE;1;;1;;2025-10-13 11:23:26;1;vivigas;No;2025-09-22 15:23:37;SPN_LEAD;21;;112277;no;GCL189014;282470;0000-00-00;3004;Lead;1;0;0;1;BKL;BKL;0;2025-09-01;KO;0;;;;;0;1;0;0;0;BKL;
3005;vanessa.macheda;2025-09-23;Luce;;Vibo;;3;Ok Definitivo;7;ANNULLATO;1;;2025-10-13 11:23:26;1;vivigas;No;2025-09-23 08:15:43;SPN_LEAD;21;;112664;no;GCL189172;282942;2025-09-23;3005;Lead;1;0;0;1;KO;BKL;0;2025-09-01;OK;0;VIV000004070;;VIV000004070;;0;1;0;0;0;KO;
3006;graziella.dona;2025-09-23;Gas;;Lamezia;;7;Ko Recall;1;;1;;2025-10-13 11:23:26;1;vivigas;No;2025-09-23 08:30:50;FINEPROM;76;;112682;no;Vuoto;12833604;0000-00-00;3006;Valore;1;0;0;1;BKL;BKL;0;2025-09-01;KO;0;;;;;0;1;0;0;0;BKL;
3007;rossella.rettura;2025-09-23;Luce;;Lamezia;;4;Ko Definitivo;1;;1;;2025-10-13 11:23:26;1;vivigas;No;2025-09-23 08:51:45;SPN_LEAD;21;;112710;no;GCL189197;282972;0000-00-00;3007;Lead;1;0;0;1;BKL;BKL;0;2025-09-01;KO;0;;;;;0;1;0;0;0;BKL;
3008;rosetta.pullia;2025-09-23;Gas;;Lamezia;;9;Ko Controllo Dati;1;;1;;2025-10-13 11:23:26;1;vivigas;No;2025-09-23 10:24:23;SPN_LEAD;21;;112850;no;GCL189238;283022;0000-00-00;3008;Lead;1;0;0;1;BKL;BKL;0;2025-09-01;KO;0;;;;;0;1;0;0;0;BKL;
3009;elvira.capasso;2025-09-23;Luce;;Lamezia;;3;Ok Definitivo;21;AMMISSIBILE;1;;2025-10-13 11:23:26;1;vivigas;No;2025-09-23 10:24:46;SPN_LEAD;21;;112851;no;GCL189452;283050;2025-09-23;3009;Lead;1;0;0;1;OK;BKL;1;2025-09-01;OK;1;VIV000004074;;VIV000004074;;0;1;1;1;0;OK;
3010;elvira.capasso;2025-09-23;Gas;;Lamezia;;3;Ok Definitivo;1;;23;AMMISSIBILE;2025-10-13 11:23:26;1;vivigas;No;2025-09-23 10:24:46;SPN_LEAD;21;;112852;no;GCL189452;283050;2025-09-23;3010;Lead;1;0;0;1;BKL;OK;1;2025-09-01;OK;1;;VIV000004075;;VIV000004075;0;1;1;1;0;OK;
3011;saverio.gigliotti;2025-09-23;Luce;;Lamezia;;4;Ko Definitivo;73;in lavorazione voltura;1;;2025-10-13 11:23:26;1;vivigas;No;2025-09-23 11:48:52;SPN_LEAD;21;;113055;no;GCL189307;283114;0000-00-00;3011;Lead;1;0;0;1;BKL;BKL;0;2025-09-01;KO;0;VIV000004078;;VIV000004078;;0;1;0;0;0;BKL;
3012;serafina.lobianco;2025-09-23;Luce;;Vibo;;7;Ko Recall;1;;1;;2025-10-13 11:23:26;1;vivigas;No;2025-09-23 12:40:36;SPN_LEAD;21;;113183;no;GCL189350;283173;0000-00-00;3012;Lead;1;0;0;1;BKL;BKL;0;2025-09-01;KO;0;;;;;0;1;0;0;0;BKL;
3013;milena.passarelli;2025-09-23;Luce;;Castrovillari;;39;IRREPERIBILE;1;;1;;2025-10-13 11:23:26;1;vivigas;No;2025-09-23 17:08:41;SPN_LEAD;21;;113752;no;GCL189498;283362;0000-00-00;3013;Lead;1;0;0;1;BKL;BKL;0;2025-09-01;KO;0;;;;;0;1;0;0;0;BKL;
3014;mariarosaria.scotti;2025-09-25;Luce;;Lamezia;;3;Ok Definitivo;21;AMMISSIBILE;1;;2025-10-13 11:23:26;1;vivigas;No;2025-09-24 07:33:15;SPN_LEAD;21;Posta (Residenza);113870;no;GCL189521;283407;2025-09-26;3014;Lead;1;0;0;1;OK;BKL;1;2025-09-01;OK;1;VIV000004083;;VIV000004083;;0;1;1;1;0;OK;
3015;angela.rizzo;2025-09-24;Gas;;Lamezia;;3;Ok Definitivo;1;;6;ANNULLATO;2025-10-13 11:23:26;1;vivigas;No;2025-09-24 07:48:06;SPN_LEAD;21;;113879;no;GCL189182;282954;2025-09-24;3015;Lead;1;0;0;1;BKL;KO;0;2025-09-01;OK;0;;VIV000004084;;VIV000004084;0;1;0;0;0;KO;
3016;salvatore.lagrotteria;2025-09-24;Luce;;Vibo;;7;Ko Recall;1;;1;;2025-10-13 11:23:26;1;vivigas;No;2025-09-24 08:01:07;SPN_LEAD;21;;113902;no;GCL189546;283583;0000-00-00;3016;Lead;1;0;0;1;BKL;BKL;0;2025-09-01;KO;0;;;;;0;1;0;0;0;BKL;
3017;salvatore.lagrotteria;2025-09-24;Gas;;Vibo;;7;Ko Recall;1;;1;;2025-10-13 11:23:26;1;vivigas;No;2025-09-24 08:04:00;SPN_LEAD;21;;113909;no;GCL189546;283583;0000-00-00;3017;Lead;1;0;0;1;BKL;BKL;0;2025-09-01;KO;0;;;;;0;1;0;0;0;BKL;
3018;teresa.tancredi;2025-09-24;Luce;;Castrovillari;;3;Ok Definitivo;7;ANNULLATO;1;;2025-10-13 11:23:26;1;vivigas;No;2025-09-24 09:03:40;SPN_LEAD;21;;113984;no;GCL189548;283586;2025-09-24;3018;Lead;1;0;0;1;KO;BKL;0;2025-09-01;OK;0;VIV000004088;;VIV000004088;;0;1;0;0;0;KO;
3019;teresa.tancredi;2025-09-24;Gas;;Castrovillari;;3;Ok Definitivo;1;;23;AMMISSIBILE;2025-10-13 11:23:26;1;vivigas;No;2025-09-24 09:03:40;SPN_LEAD;21;;113985;no;GCL189548;283586;2025-09-24;3019;Lead;1;0;0;1;BKL;OK;1;2025-09-01;OK;1;;VIV000004089;;VIV000004089;0;1;1;1;0;OK;
3020;salvatore.lagrotteria;2025-09-24;Luce;;Vibo;RID;3;Ok Definitivo;7;ANNULLATO;1;;2025-10-13 11:23:26;1;vivigas;No;2025-09-24 09:21:28;SPN_LEAD;21;;114019;no;GCL189599;283760;2025-09-24;3020;Lead;1;0;0;1;KO;BKL;0;2025-09-01;OK;0;VIV000004090;;VIV000004090;;0;1;0;0;0;KO;
3021;mariaannunziata.suppa;2025-09-24;Luce;;Vibo;;3;Ok Definitivo;7;ANNULLATO;1;;2025-10-13 11:23:26;1;vivigas;No;2025-09-24 12:39:31;SPN_LEAD;21;;114402;no;GCL189713;283906;2025-09-24;3021;Lead;1;0;0;1;KO;BKL;0;2025-09-01;OK;0;VIV000004091;;VIV000004091;;0;1;0;0;0;KO;
3022;mariaannunziata.suppa;2025-09-24;Gas;;Vibo;;3;Ok Definitivo;1;;23;AMMISSIBILE;2025-10-13 11:23:26;1;vivigas;No;2025-09-24 12:39:31;SPN_LEAD;21;;114403;no;GCL189713;283906;2025-09-24;3022;Lead;1;0;0;1;BKL;OK;1;2025-09-01;OK;1;;VIV000004092;;VIV000004092;0;1;1;1;0;OK;
3023;irene.giampa;2025-09-24;Luce;;Lamezia;;3;Ok Definitivo;27;REVOCA NON ESERCITATA;1;;2025-10-13 11:23:26;1;vivigas;No;2025-09-24 13:33:51;SPN_LEAD;21;;114504;no;GCL189746;283957;2025-09-24;3023;Lead;1;0;0;1;OK;BKL;1;2025-09-01;OK;1;VIV000004093;;VIV000004093;;0;1;1;1;0;OK;
3024;saveriafrancesca.squillace;2025-09-24;Luce;Residenziale;Vibo;RID;9;Ko Controllo Dati;1;;1;;2025-10-13 11:23:26;1;vivigas;No;2025-09-24 13:43:38;SPN_LEAD;21;Posta (Residenza);114532;no;GCL189743;283945;0000-00-00;3024;Lead;1;0;0;1;BKL;BKL;0;2025-09-01;KO;0;;;;;0;1;0;0;0;BKL;
3025;rosarina.brando;2025-09-24;Luce;;Lamezia;;3;Ok Definitivo;27;REVOCA NON ESERCITATA;1;;2025-10-13 11:23:26;1;vivigas;No;2025-09-24 16:20:02;SPN_LEAD;21;;114890;no;GCL149250;284080;2025-09-26;3025;Lead;1;0;0;1;OK;BKL;1;2025-09-01;OK;0;VIV000004095;;VIV000004095;;1;1;1;0;1;OK;
3026;rosarina.brando;2025-09-24;Gas;;Lamezia;;3;Ok Definitivo;1;;23;AMMISSIBILE;2025-10-13 11:23:26;1;vivigas;No;2025-09-24 16:20:02;SPN_LEAD;21;;114891;no;GCL149250;284080;2025-09-26;3026;Lead;1;0;0;1;BKL;OK;1;2025-09-01;OK;0;;VIV000004096;;VIV000004096;1;1;1;0;1;OK;
3027;saverio.gigliotti;2025-09-25;Luce;;Lamezia;;3;Ok Definitivo;7;ANNULLATO;1;;2025-10-13 11:23:26;1;vivigas;No;2025-09-25 07:35:37;SPN_LEAD;21;;115136;no;GCL189866;284142;2025-09-29;3027;Lead;1;0;0;1;KO;BKL;0;2025-09-01;OK;0;VIV000004097;;VIV000004097;;0;1;0;0;0;KO;
3028;saverio.gigliotti;2025-09-25;Gas;;Lamezia;;3;Ok Definitivo;1;;6;ANNULLATO;2025-10-13 11:23:26;1;vivigas;No;2025-09-25 07:35:37;SPN_LEAD;21;;115137;no;GCL189866;284142;2025-09-29;3028;Lead;1;0;0;1;BKL;KO;0;2025-09-01;OK;0;;VIV000004098;;VIV000004098;0;1;0;0;0;KO;
3029;saverio.gigliotti;2025-09-25;Luce;;Lamezia;;7;Ko Recall;1;;1;;2025-10-13 11:23:26;1;vivigas;No;2025-09-25 08:08:42;SPN_LEAD;21;;115169;no;GCL189866;284142;0000-00-00;3029;Lead;1;0;0;1;BKL;BKL;0;2025-09-01;KO;0;;;;;0;1;0;0;0;BKL;
3030;vanessa.macheda;2025-09-25;Luce;;Vibo;;7;Ko Recall;1;;1;;2025-10-13 11:23:26;1;vivigas;No;2025-09-25 08:49:57;SPN_LEAD;21;;115210;no;GCL189929;284433;0000-00-00;3030;Lead;1;0;0;1;BKL;BKL;0;2025-09-01;KO;0;;;;;0;1;0;0;0;BKL;
3031;saverio.gigliotti;2025-09-25;Luce;;Lamezia;;3;Ok Definitivo;7;ANNULLATO;1;;2025-10-13 11:23:26;1;vivigas;No;2025-09-25 10:41:16;SPN_LEAD;21;;115362;no;GCL190010;284538;2025-09-25;3031;Lead;1;0;0;1;KO;BKL;0;2025-09-01;OK;0;VIV000004101;;VIV000004101;;0;1;0;0;0;KO;
3032;vanessa.macheda;2025-09-25;Luce;;Vibo;RID;39;IRREPERIBILE;1;;1;;2025-10-13 11:23:26;1;vivigas;No;2025-09-25 13:25:28;SPN_LEAD;21;;115642;no;GCL189958;284672;0000-00-00;3032;Lead;1;0;0;1;BKL;BKL;0;2025-09-01;KO;0;;;;;0;1;0;0;0;BKL;
3033;vanessa.macheda;2025-09-25;Gas;;Vibo;;39;IRREPERIBILE;1;;1;;2025-10-13 11:23:26;1;vivigas;No;2025-09-25 13:26:25;SPN_LEAD;21;;115646;no;GCL189958;284672;0000-00-00;3033;Lead;1;0;0;1;BKL;BKL;0;2025-09-01;KO;0;;;;;0;1;0;0;0;BKL;
3034;laura.talarico;2025-09-25;Luce;;Lamezia;;3;Ok Definitivo;21;AMMISSIBILE;1;;2025-10-13 11:23:26;1;vivigas;No;2025-09-25 13:28:01;SPN_LEAD;21;;115653;no;GCL190074;284616;2025-09-27;3034;Lead;1;0;0;1;OK;BKL;1;2025-09-01;OK;1;VIV000004104;;VIV000004104;;0;1;1;1;0;OK;
3035;elvira.capasso;2025-09-25;Luce;;Lamezia;;3;Ok Definitivo;27;REVOCA NON ESERCITATA;1;;2025-10-13 11:23:26;1;vivigas;No;2025-09-25 13:46:01;SPN_LEAD;21;;115712;no;GCL190119;284679;2025-09-26;3035;Lead;1;0;0;1;OK;BKL;1;2025-09-01;OK;1;VIV000004105;;VIV000004105;;0;1;1;1;0;OK;
3036;elvira.capasso;2025-09-25;Gas;;Lamezia;;3;Ok Definitivo;1;;23;AMMISSIBILE;2025-10-13 11:23:26;1;vivigas;No;2025-09-25 13:46:13;SPN_LEAD;21;;115714;no;GCL190119;284679;2025-09-26;3036;Lead;1;0;0;1;BKL;OK;1;2025-09-01;OK;1;;VIV000004106;;VIV000004106;0;1;1;1;0;OK;
3037;valentina.cortosi;2025-09-25;Gas;;Vibo;RID;7;Ko Recall;1;;1;;2025-10-13 11:23:26;1;vivigas;No;2025-09-25 13:52:48;FINEPROM;76;;115727;no;Vuoto;12825408;0000-00-00;3037;Valore;1;0;0;1;BKL;BKL;0;2025-09-01;KO;0;;;;;0;1;0;0;0;BKL;
3038;serafina.lobianco;2025-09-25;Luce;;Vibo;RID;9;Ko Controllo Dati;1;;1;;2025-10-13 11:23:26;1;vivigas;No;2025-09-25 15:03:37;SPN_LEAD;21;;115883;no;GCL190138;284703;0000-00-00;3038;Lead;1;0;0;1;BKL;BKL;0;2025-09-01;KO;0;;;;;0;1;0;0;0;BKL;
3039;milena.passarelli;2025-09-25;Gas;;Castrovillari;;3;Ok Definitivo;1;;6;ANNULLATO;2025-10-13 11:23:26;1;vivigas;No;2025-09-25 15:19:43;SPN_LEAD;21;;115919;no;GCL190141;284706;2025-09-25;3039;Lead;1;0;0;1;BKL;KO;0;2025-09-01;OK;0;;VIV000004109;;VIV000004109;0;1;0;0;0;KO;
3040;rossella.cefala;2025-09-25;Luce;;Lamezia;;3;Ok Definitivo;27;REVOCA NON ESERCITATA;1;;2025-10-13 11:23:26;1;vivigas;No;2025-09-25 17:49:35;SPN_LEAD;21;;116202;no;GCL190229;284824;2025-09-26;3040;Lead;1;0;0;1;OK;BKL;1;2025-09-01;OK;1;VIV000004110;;VIV000004110;;0;1;1;1;0;OK;
3041;rossella.cefala;2025-09-25;Gas;;Lamezia;;3;Ok Definitivo;1;;23;AMMISSIBILE;2025-10-13 11:23:26;1;vivigas;No;2025-09-25 17:49:35;SPN_LEAD;21;;116203;no;GCL190229;284824;2025-09-26;3041;Lead;1;0;0;1;BKL;OK;1;2025-09-01;OK;1;;VIV000004111;;VIV000004111;0;1;1;1;0;OK;
3042;irene.giampa;2025-09-25;Luce;;Lamezia;;7;Ko Recall;1;;1;;2025-10-13 11:23:26;1;vivigas;No;2025-09-25 17:56:25;SPN_LEAD;21;;116208;no;GCL190230;284825;0000-00-00;3042;Lead;1;0;0;1;BKL;BKL;0;2025-09-01;KO;0;;;;;0;1;0;0;0;BKL;
3043;irene.giampa;2025-09-25;Gas;;Lamezia;;7;Ko Recall;1;;1;;2025-10-13 11:23:26;1;vivigas;No;2025-09-25 17:56:25;SPN_LEAD;21;;116209;no;GCL190230;284825;0000-00-00;3043;Lead;1;0;0;1;BKL;BKL;0;2025-09-01;KO;0;;;;;0;1;0;0;0;BKL;
3044;francesca.stella;2025-09-26;Luce;;Lamezia;;12;Bozza;1;;1;;2025-10-13 11:23:26;1;vivigas;No;2025-09-26 10:09:43;SPN_LEAD;21;;116520;no;GCL190391;285248;0000-00-00;3044;Lead;1;0;0;1;BKL;BKL;0;2025-09-01;KO;0;;;;;0;1;0;0;0;BKL;
3045;vanessa.macheda;2025-09-26;Luce;;Vibo;RID;3;Ok Definitivo;73;in lavorazione voltura;1;;2025-10-13 11:23:26;1;vivigas;No;2025-09-26 10:25:26;SPN_LEAD;21;;116551;no;GCL190433;285296;2025-09-26;3045;Lead;1;0;0;1;BKL;BKL;0;2025-09-01;OK;0;VIV000004115;;VIV000004115;;0;1;0;0;0;BKL;
3046;vanessa.macheda;2025-09-26;Gas;;Vibo;RID;3;Ok Definitivo;1;;10;ANNULLAMENTO IN CORSO;2025-10-13 11:23:26;1;vivigas;No;2025-09-26 10:36:17;SPN_LEAD;21;;116577;no;GCL190433;285296;2025-09-26;3046;Lead;1;0;0;1;BKL;KO;0;2025-09-01;OK;0;;VIV000004116;;VIV000004116;0;1;0;0;0;KO;
3047;luciana.brosio;2025-09-26;Luce;;Vibo;RID;3;Ok Definitivo;21;AMMISSIBILE;1;;2025-10-13 11:23:26;1;vivigas;No;2025-09-26 11:01:39;SPN_LEAD;21;;116626;no;GCL190475;285345;2025-09-26;3047;Lead;1;0;0;1;OK;BKL;1;2025-09-01;OK;1;VIV000004117;;VIV000004117;;0;1;1;1;0;OK;
3048;luciana.brosio;2025-09-26;Luce;;Vibo;;3;Ok Definitivo;7;ANNULLATO;1;;2025-10-13 11:23:26;1;vivigas;No;2025-09-26 12:28:59;SPN_LEAD;21;;116780;no;GCL190545;285434;2025-09-26;3048;Lead;1;0;0;1;KO;BKL;0;2025-09-01;OK;0;VIV000004118;;VIV000004118;;0;1;0;0;0;KO;
3049;fiorella.cosentino;2025-09-26;Luce;;Lamezia;;3;Ok Definitivo;7;ANNULLATO;1;;2025-10-13 11:23:26;1;vivigas;No;2025-09-26 13:10:32;SPN_LEAD;21;;116833;no;GCL190532;285418;2025-09-29;3049;Lead;1;0;0;1;KO;BKL;0;2025-09-01;OK;0;VIV000004119;;VIV000004119;;0;1;0;0;0;KO;
3050;fiorella.cosentino;2025-09-26;Gas;;Lamezia;;3;Ok Definitivo;1;;6;ANNULLATO;2025-10-13 11:23:26;1;vivigas;No;2025-09-26 13:10:32;SPN_LEAD;21;;116834;no;GCL190532;285418;2025-09-26;3050;Lead;1;0;0;1;BKL;KO;0;2025-09-01;OK;0;;VIV000004120;;VIV000004120;0;1;0;0;0;KO;
3051;silvana.macri;2025-09-26;Luce;;Lamezia;;3;Ok Definitivo;7;ANNULLATO;1;;2025-10-13 11:23:26;1;vivigas;No;2025-09-26 13:54:20;SPN_LEAD;21;;116937;no;GCL190595;285496;2025-09-30;3051;Lead;1;0;0;1;KO;BKL;0;2025-09-01;OK;0;VIV000004121;;VIV000004121;;0;1;0;0;0;KO;
3052;silvana.macri;2025-09-26;Gas;;Lamezia;;3;Ok Definitivo;1;;6;ANNULLATO;2025-10-13 11:23:26;1;vivigas;No;2025-09-26 13:54:36;SPN_LEAD;21;;116938;no;GCL190595;285496;2025-09-30;3052;Lead;1;0;0;1;BKL;KO;0;2025-09-01;OK;0;;VIV000004122;;VIV000004122;0;1;0;0;0;KO;
3053;gino.lento;2025-09-26;Luce;;Rende;;3;Ok Definitivo;7;ANNULLATO;1;;2025-10-13 11:23:26;1;vivigas;No;2025-09-26 14:09:13;SPN_LEAD;21;;116971;no;GCL190615;285521;2025-09-26;3053;Lead;1;0;0;1;KO;BKL;0;2025-09-01;OK;0;VIV000004123;;VIV000004123;;0;1;0;0;0;KO;
3054;milena.passarelli;2025-09-26;Gas;;Castrovillari;;9;Ko Controllo Dati;1;;1;;2025-10-13 11:23:26;1;vivigas;No;2025-09-26 14:35:43;SPN_LEAD;21;;117019;no;GCL190643;285556;0000-00-00;3054;Lead;1;0;0;1;BKL;BKL;0;2025-09-01;KO;0;;;;;0;1;0;0;0;BKL;
3055;milena.passarelli;2025-09-26;Luce;;Castrovillari;;9;Ko Controllo Dati;1;;1;;2025-10-13 11:23:26;1;vivigas;No;2025-09-26 14:50:21;SPN_LEAD;21;;117042;no;GCL190643;285556;0000-00-00;3055;Lead;1;0;0;1;BKL;BKL;0;2025-09-01;KO;0;;;;;0;1;0;0;0;BKL;
3056;silvana.macri;2025-09-26;Luce;;Lamezia;;9;Ko Controllo Dati;1;;1;;2025-10-13 11:23:26;1;vivigas;No;2025-09-26 15:00:50;SPN_LEAD;21;;117071;no;GCL190759;285594;0000-00-00;3056;Lead;1;0;0;1;BKL;BKL;0;2025-09-01;KO;0;;;;;0;1;0;0;0;BKL;
3057;milena.passarelli;2025-09-26;Luce;;Castrovillari;;4;Ko Definitivo;1;;1;;2025-10-13 11:23:26;1;vivigas;No;2025-09-26 15:48:47;SPN_LEAD;21;;117143;no;GCL190690;285624;0000-00-00;3057;Lead;1;0;0;1;BKL;BKL;0;2025-09-01;KO;0;;;;;0;1;0;0;0;BKL;
3058;francesca.stella;2025-09-27;Luce;;Lamezia;;8;Ko Vocal;1;;1;;2025-10-13 11:23:26;1;vivigas;No;2025-09-27 08:18:17;SPN_LEAD;21;;117427;no;GCL190798;285902;0000-00-00;3058;Lead;1;0;0;1;BKL;BKL;0;2025-09-01;KO;0;;;;;0;1;0;0;0;BKL;
3059;mariagrazia.raso;2025-09-27;Luce;;Lamezia;;3;Ok Definitivo;21;AMMISSIBILE;1;;2025-10-13 11:23:26;1;vivigas;No;2025-09-27 08:22:13;SPN_LEAD;21;;117436;no;GCL190811;285927;2025-09-27;3059;Lead;1;0;0;1;OK;BKL;1;2025-09-01;OK;1;VIV000004129;;VIV000004129;;0;1;1;1;0;OK;
3060;mariagrazia.raso;2025-09-27;Gas;;Lamezia;;3;Ok Definitivo;1;;23;AMMISSIBILE;2025-10-13 11:23:26;1;vivigas;No;2025-09-27 08:22:13;SPN_LEAD;21;;117437;no;GCL190811;285927;2025-09-29;3060;Lead;1;0;0;1;BKL;OK;1;2025-09-01;OK;1;;VIV000004130;;VIV000004130;0;1;1;1;0;OK;
3061;rosalba.romano;2025-09-27;Gas;;Lamezia;;4;Ko Definitivo;1;;1;;2025-10-13 11:23:26;1;vivigas;No;2025-09-27 08:23:45;LEAD_OUT;61;;117443;no;GCL154176;187533;0000-00-00;3061;Lead;1;0;0;1;BKL;BKL;0;2025-09-01;KO;0;;;;;0;1;0;0;0;BKL;
3062;luciana.brosio;2025-09-27;Luce;;Vibo;;7;Ko Recall;1;;1;;2025-10-13 11:23:26;1;vivigas;No;2025-09-27 08:30:33;SPN_LEAD;21;;117457;no;GCL190375;285230;0000-00-00;3062;Lead;1;0;0;1;BKL;BKL;0;2025-09-01;KO;0;;;;;0;1;0;0;0;BKL;
3063;graziella.dona;2025-09-27;Luce;;Lamezia;;3;Ok Definitivo;7;ANNULLATO;1;;2025-10-13 11:23:26;1;vivigas;No;2025-09-27 09:11:08;SPN_LEAD;21;;117532;no;GCL190841;285973;2025-09-27;3063;Lead;1;0;0;1;KO;BKL;0;2025-09-01;OK;0;VIV000004133;;VIV000004133;;0;1;0;0;0;KO;
3064;graziella.dona;2025-09-27;Gas;;Lamezia;;3;Ok Definitivo;1;;20;DA TRASMETTERE;2025-10-13 11:23:26;1;vivigas;No;2025-09-27 09:11:08;SPN_LEAD;21;;117533;no;GCL190841;285973;2025-09-29;3064;Lead;1;0;0;1;BKL;OK;1;2025-09-01;OK;1;;VIV000004134;;VIV000004134;0;1;1;1;0;OK;
3065;tiziana.poerio;2025-09-27;Luce;Residenziale;Vibo;RID;7;Ko Recall;1;;1;;2025-10-13 11:23:26;1;vivigas;No;2025-09-27 09:17:37;SPN_LEAD;21;Fattura Elettronica;117543;no;GCL190847;285984;0000-00-00;3065;Lead;1;0;0;1;BKL;BKL;0;2025-09-01;KO;0;;;;;0;1;0;0;0;BKL;
3066;tiziana.poerio;2025-09-27;Gas;Residenziale;Vibo;RID;7;Ko Recall;1;;1;;2025-10-13 11:23:26;1;vivigas;No;2025-09-27 09:39:28;SPN_LEAD;21;Fattura Elettronica;117584;no;GCL190847;285984;2025-09-27;3066;Lead;1;0;0;1;BKL;BKL;0;2025-09-01;KO;0;;;;;0;1;0;0;0;BKL;
3067;valentina.razionale;2025-09-27;Luce;;Vibo;;9;Ko Controllo Dati;1;;1;;2025-10-13 11:23:26;1;vivigas;No;2025-09-27 10:21:36;SPN_LEAD;21;;117682;no;GCL190895;286040;0000-00-00;3067;Lead;1;0;0;1;BKL;BKL;0;2025-09-01;KO;0;;;;;0;1;0;0;0;BKL;
3068;valentina.razionale;2025-09-27;Gas;;Vibo;;9;Ko Controllo Dati;1;;1;;2025-10-13 11:23:26;1;vivigas;No;2025-09-27 10:21:36;SPN_LEAD;21;;117683;no;GCL190895;286040;0000-00-00;3068;Lead;1;0;0;1;BKL;BKL;0;2025-09-01;KO;0;;;;;0;1;0;0;0;BKL;
3069;francesco.datri;2025-09-27;Luce;;Castrovillari;;3;Ok Definitivo;25;CONTROLLO MOROSITA;1;;2025-10-13 11:23:26;1;vivigas;No;2025-09-27 10:35:43;SWO2;59;Posta (Residenza);117724;no;Vuoto;12717210;2025-09-30;3069;Prospect;1;0;0;1;OK;BKL;1;2025-09-01;OK;1;VIV000004141;;VIV000004141;;0;1;1;1;0;OK;
3070;francesco.datri;2025-09-27;Gas;;Castrovillari;RID;3;Ok Definitivo;1;;6;ANNULLATO;2025-10-13 11:23:26;1;vivigas;No;2025-09-27 10:35:43;SWO2;59;Posta (Residenza);117725;no;Vuoto;12717210;2025-09-30;3070;Prospect;1;0;0;1;BKL;KO;0;2025-09-01;OK;0;;VIV000004142;;VIV000004142;0;1;0;0;0;KO;
3071;gino.lento;2025-09-27;Luce;;Rende;;3;Ok Definitivo;21;AMMISSIBILE;1;;2025-10-13 11:23:26;1;vivigas;No;2025-09-27 10:46:02;SPN_LEAD;21;;117748;no;GCL190919;286096;2025-09-29;3071;Lead;1;0;0;1;OK;BKL;1;2025-09-01;OK;1;VIV000004143;;VIV000004143;;0;1;1;1;0;OK;
3072;isabella.calapristi;2025-09-27;Luce;;Lamezia;;8;Ko Vocal;1;;1;;2025-10-13 11:23:26;1;vivigas;No;2025-09-27 11:02:34;SPN_LEAD;21;;117785;no;GCL190932;286117;0000-00-00;3072;Lead;1;0;0;1;BKL;BKL;0;2025-09-01;KO;0;;;;;0;1;0;0;0;BKL;
3073;isabella.calapristi;2025-09-27;Gas;;Lamezia;;7;Ko Recall;1;;1;;2025-10-13 11:23:26;1;vivigas;No;2025-09-27 11:11:06;SPN_LEAD;21;;117800;no;GCL190932;286117;0000-00-00;3073;Lead;1;0;0;1;BKL;BKL;0;2025-09-01;KO;0;;;;;0;1;0;0;0;BKL;
3074;roberta.montalto;2025-09-29;Luce;;Lamezia;RID;4;Ko Definitivo;1;;1;;2025-10-13 11:23:26;1;vivigas;No;2025-09-29 07:26:55;SPN_LEAD;21;;118028;no;GCL191018;286284;0000-00-00;3074;Lead;1;0;0;1;BKL;BKL;0;2025-09-01;KO;0;;;;;0;1;0;0;0;BKL;
3075;roberta.montalto;2025-09-29;Gas;;Lamezia;;4;Ko Definitivo;1;;1;;2025-10-13 11:23:26;1;vivigas;No;2025-09-29 07:26:55;SPN_LEAD;21;;118029;no;GCL191018;286284;0000-00-00;3075;Lead;1;0;0;1;BKL;BKL;0;2025-09-01;KO;0;;;;;0;1;0;0;0;BKL;
3076;ilaria.cappello;2025-09-29;Luce;;Lamezia;RID;8;Ko Vocal;1;;1;;2025-10-13 11:23:26;1;vivigas;No;2025-09-29 07:43:03;SPN_LEAD;21;;118044;no;GCL81094;282344;0000-00-00;3076;Lead;1;0;0;1;BKL;BKL;0;2025-09-01;KO;0;;;;;0;1;0;0;0;BKL;
3077;ilaria.cappello;2025-09-29;Gas;;Lamezia;;8;Ko Vocal;1;;1;;2025-10-13 11:23:26;1;vivigas;No;2025-09-29 07:43:03;SPN_LEAD;21;;118045;no;GCL81094;282344;0000-00-00;3077;Lead;1;0;0;1;BKL;BKL;0;2025-09-01;KO;0;;;;;0;1;0;0;0;BKL;
3078;anna.martone;2025-09-29;Luce;;Vibo;;7;Ko Recall;1;;1;;2025-10-13 11:23:26;1;vivigas;No;2025-09-29 08:48:41;SPN_LEAD;21;;118155;no;GCL191100;286655;0000-00-00;3078;Lead;1;0;0;1;BKL;BKL;0;2025-09-01;KO;0;;;;;0;1;0;0;0;BKL;
3079;francesco.lucarelli;2025-09-29;Luce;;Castrovillari;;3;Ok Definitivo;7;ANNULLATO;1;;2025-10-13 11:23:26;1;vivigas;No;2025-09-29 11:56:31;SPN_LEAD;21;;118435;no;GCL191393;286923;2025-09-29;3079;Lead;1;0;0;1;KO;BKL;0;2025-09-01;OK;0;VIV000004151;;VIV000004151;;0;1;0;0;0;KO;
3080;isabella.cello;2025-09-29;Luce;;Lamezia;;3;Ok Definitivo;7;ANNULLATO;1;;2025-10-13 11:23:26;1;vivigas;No;2025-09-29 12:22:57;SPN_LEAD;21;;118479;no;GCL191343;286949;2025-09-29;3080;Lead;1;0;0;1;KO;BKL;0;2025-09-01;OK;0;VIV000004152;;VIV000004152;;0;1;0;0;0;KO;
3081;luciana.brosio;2025-09-29;Luce;;Vibo;;9;Ko Controllo Dati;1;;1;;2025-10-13 11:23:26;1;vivigas;No;2025-09-29 12:39:32;SPN_LEAD;21;;118515;no;GCL191356;286963;0000-00-00;3081;Lead;1;0;0;1;BKL;BKL;0;2025-09-01;KO;0;;;;;0;1;0;0;0;BKL;
3082;ilaria.cappello;2025-09-29;Luce;;Lamezia;;8;Ko Vocal;1;;1;;2025-10-13 11:23:26;1;vivigas;No;2025-09-29 13:51:25;SPN_LEAD;21;;118697;no;GCL191341;286945;0000-00-00;3082;Lead;1;0;0;1;BKL;BKL;0;2025-09-01;KO;0;;;;;0;1;0;0;0;BKL;
3083;mariarosaria.giampa;2025-09-29;Luce;;Catanzaro;;9;Ko Controllo Dati;1;;1;;2025-10-13 11:23:26;1;vivigas;No;2025-09-29 13:52:03;PLEN_SW2;52;;118698;no;Vuoto;7509;0000-00-00;3083;Valore;1;0;0;1;BKL;BKL;0;2025-09-01;KO;0;;;;;0;1;0;0;0;BKL;
3084;francesco.bitonti;2025-09-29;Luce;;Catanzaro;;3;Ok Definitivo;21;AMMISSIBILE;1;;2025-10-13 11:23:26;1;vivigas;No;2025-09-29 15:52:24;SPN_LEAD;21;;118931;no;Non Presente;287122;2025-09-30;3084;Lead;1;0;0;1;OK;BKL;1;2025-09-01;OK;0;VIV000004156;;VIV000004156;;1;1;1;0;1;OK;
3085;irene.giampa;2025-09-29;Gas;;Lamezia;;4;Ko Definitivo;1;;1;;2025-10-13 11:23:26;1;vivigas;No;2025-09-29 16:45:19;SPN_LEAD;21;;119021;no;GCL191568;287234;0000-00-00;3085;Lead;1;0;0;1;BKL;BKL;0;2025-09-01;KO;0;;;;;0;1;0;0;0;BKL;
3086;irene.giampa;2025-09-29;Luce;;Lamezia;;4;Ko Definitivo;1;;1;;2025-10-13 11:23:26;1;vivigas;No;2025-09-29 17:07:39;SPN_LEAD;21;;119076;no;GCL191568;287234;0000-00-00;3086;Lead;1;0;0;1;BKL;BKL;0;2025-09-01;KO;0;;;;;0;1;0;0;0;BKL;
3087;roberta.montalto;2025-09-30;Luce;;Lamezia;RID;3;Ok Definitivo;21;AMMISSIBILE;1;;2025-10-13 11:23:26;1;vivigas;No;2025-09-30 08:50:28;SPN_LEAD;21;Fattura Elettronica;119286;no;GCL191659;287527;2025-09-30;3087;Lead;1;0;0;1;OK;BKL;1;2025-09-01;OK;1;VIV000004159;;VIV000004159;;0;1;1;1;0;OK;
3088;roberta.montalto;2025-09-30;Gas;;Lamezia;RID;3;Ok Definitivo;1;;20;DA TRASMETTERE;2025-10-13 11:23:26;1;vivigas;No;2025-09-30 08:50:29;SPN_LEAD;21;;119287;no;GCL191659;287527;2025-09-30;3088;Lead;1;0;0;1;BKL;OK;1;2025-09-01;OK;1;;VIV000004160;;VIV000004160;0;1;1;1;0;OK;
3089;tiziana.poerio;2025-09-30;Luce;;Vibo;;3;Ok Definitivo;7;ANNULLATO;1;;2025-10-13 11:23:26;1;vivigas;No;2025-09-30 08:52:41;LEAD_OUT;61;;119289;no;GCL190279;284893;2025-09-30;3089;Lead;1;0;0;1;KO;BKL;0;2025-09-01;OK;0;VIV000004161;;VIV000004161;;0;1;0;0;0;KO;
3090;sara.alessia;2025-09-30;Gas;;Castrovillari;;3;Ok Definitivo;1;;23;AMMISSIBILE;2025-10-13 11:23:26;1;vivigas;No;2025-09-30 15:13:20;SPN_LEAD;21;;119982;no;GCL191862;290476;2025-09-30;3090;Lead;1;0;0;1;BKL;OK;1;2025-09-01;OK;1;;VIV000004162;;VIV000004162;0;1;1;1;0;OK;
